file_path|file_type|tier|category|exclusion_status|banks|production|quant|strategic|regulatory|recent|impl|asset_class|smart_contract|training|raw_score|priority_tier
./Tier 4 - Regulatory Bodies (CFTC, ESMA, FCA, etc.)/1. CDM Documentation/cdm-specific/fdta-joint-data-standards-proposed-rule-2024.md|MD|4|CDM_NON_TECHNICAL|INCLUDE|43|6|45|19|296|21|12|70|1|7|1547|S
./Tier 4 - Regulatory Bodies (CFTC, ESMA, FCA, etc.)/1. CDM Documentation/cdm-specific/transforming-data-collection-from-the-uk-financial-sector-a-plan-for-2021-and-beyond.pdf|PDF|4|CDM_NON_TECHNICAL|INCLUDE|0|0|0|0|0|0|0|0|0|0|0|MANUAL_REVIEW
./Tier 4 - Regulatory Bodies (CFTC, ESMA, FCA, etc.)/1. CDM Documentation/cdm-specific/transforming-data-collection-from-the-uk-financial-sector-a-plan-for-2021-and-beyond.md|MD|4|CDM_NON_TECHNICAL|INCLUDE||D
./Tier 4 - Regulatory Bodies (CFTC, ESMA, FCA, etc.)/1. CDM Documentation/cdm-specific/digital-regulatory-reporting-2023-update.pdf|PDF|4|CDM_NON_TECHNICAL|INCLUDE|0|0|0|0|0|0|0|0|0|0|0|MANUAL_REVIEW
./Tier 4 - Regulatory Bodies (CFTC, ESMA, FCA, etc.)/1. CDM Documentation/cdm-specific/digital-regulatory-reporting-2023-update.md|MD|4|CDM_NON_TECHNICAL|INCLUDE||D
./Tier 4 - Regulatory Bodies (CFTC, ESMA, FCA, etc.)/1. CDM Documentation/cdm-specific/fdta-joint-data-standards-proposed-rule-2024.pdf|PDF|4|CDM_NON_TECHNICAL|INCLUDE|0|0|0|0|0|0|0|0|0|0|0|MANUAL_REVIEW
./Tier 4 - Regulatory Bodies (CFTC, ESMA, FCA, etc.)/2. Broader Industry Context/reporting-context/fca-uk/uk-emir-reporting-qas-sep-2024.md|MD|4|INDUSTRY_CONTEXT|INCLUDE||D
./Tier 4 - Regulatory Bodies (CFTC, ESMA, FCA, etc.)/2. Broader Industry Context/reporting-context/fca-uk/fca-uk-emir-reporting-transition.pdf|PDF|4|INDUSTRY_CONTEXT|INCLUDE|0|0|0|0|0|0|0|0|0|0|0|MANUAL_REVIEW
./Tier 4 - Regulatory Bodies (CFTC, ESMA, FCA, etc.)/2. Broader Industry Context/reporting-context/fca-uk/uk-emir-reporting-qas-sep-2024.pdf|PDF|4|INDUSTRY_CONTEXT|INCLUDE|0|0|0|0|0|0|0|0|0|0|0|MANUAL_REVIEW
./Tier 4 - Regulatory Bodies (CFTC, ESMA, FCA, etc.)/2. Broader Industry Context/reporting-context/fca-uk/fca-uk-emir-reporting-transition.md|MD|4|INDUSTRY_CONTEXT|INCLUDE||D
./Tier 4 - Regulatory Bodies (CFTC, ESMA, FCA, etc.)/2. Broader Industry Context/reporting-context/mas-singapore/mas-derivatives-reporting-guidelines-may-2024.pdf|PDF|4|INDUSTRY_CONTEXT|INCLUDE|0|0|0|0|0|0|0|0|0|0|0|MANUAL_REVIEW
./Tier 4 - Regulatory Bodies (CFTC, ESMA, FCA, etc.)/2. Broader Industry Context/reporting-context/mas-singapore/mas-derivatives-reporting-faq-feb-2024.pdf|PDF|4|INDUSTRY_CONTEXT|INCLUDE|0|0|0|0|0|0|0|0|0|0|0|MANUAL_REVIEW
./Tier 4 - Regulatory Bodies (CFTC, ESMA, FCA, etc.)/2. Broader Industry Context/reporting-context/mas-singapore/mas-derivatives-reporting-guidelines-may-2024.md|MD|4|INDUSTRY_CONTEXT|INCLUDE||D
./Tier 4 - Regulatory Bodies (CFTC, ESMA, FCA, etc.)/2. Broader Industry Context/reporting-context/mas-singapore/mas-derivatives-reporting-faq-feb-2024.md|MD|4|INDUSTRY_CONTEXT|INCLUDE||D
./Tier 4 - Regulatory Bodies (CFTC, ESMA, FCA, etc.)/2. Broader Industry Context/reporting-context/csa-canada/2024-csa-derivatives-reporting-amendments.md|MD|4|INDUSTRY_CONTEXT|INCLUDE||D
./Tier 4 - Regulatory Bodies (CFTC, ESMA, FCA, etc.)/2. Broader Industry Context/reporting-context/hkma-hong-kong/hkma-otc-derivatives-consultation-mar-2024.md|MD|4|INDUSTRY_CONTEXT|INCLUDE||D
./Tier 4 - Regulatory Bodies (CFTC, ESMA, FCA, etc.)/2. Broader Industry Context/reporting-context/hkma-hong-kong/hkma-otc-derivatives-consultation-mar-2024.pdf|PDF|4|INDUSTRY_CONTEXT|INCLUDE|0|0|0|0|0|0|0|0|0|0|0|MANUAL_REVIEW
./Tier 4 - Regulatory Bodies (CFTC, ESMA, FCA, etc.)/2. Broader Industry Context/reporting-context/hkma-hong-kong/hktr-reporting-service-reference-manual.pdf|PDF|4|INDUSTRY_CONTEXT|INCLUDE|0|0|0|0|0|0|0|0|0|0|0|MANUAL_REVIEW
./Tier 4 - Regulatory Bodies (CFTC, ESMA, FCA, etc.)/2. Broader Industry Context/reporting-context/hkma-hong-kong/hktr-reporting-service-reference-manual.md|MD|4|INDUSTRY_CONTEXT|INCLUDE||D
./Tier 4 - Regulatory Bodies (CFTC, ESMA, FCA, etc.)/2. Broader Industry Context/reporting-context/cftc/cftc-swap-reporting-part45-2020.pdf|PDF|4|INDUSTRY_CONTEXT|INCLUDE|0|0|0|0|0|0|0|0|0|0|0|MANUAL_REVIEW
./Tier 4 - Regulatory Bodies (CFTC, ESMA, FCA, etc.)/2. Broader Industry Context/reporting-context/cftc/cftc-swap-reporting-part45-2020.md|MD|4|INDUSTRY_CONTEXT|INCLUDE||D
./Tier 4 - Regulatory Bodies (CFTC, ESMA, FCA, etc.)/2. Broader Industry Context/reporting-context/cftc/cftc-technical-specification-v3.2-mar-2023.md|MD|4|INDUSTRY_CONTEXT|INCLUDE||D
./Tier 4 - Regulatory Bodies (CFTC, ESMA, FCA, etc.)/2. Broader Industry Context/reporting-context/cftc/cftc-swap-reporting-part43-2020.md|MD|4|INDUSTRY_CONTEXT|INCLUDE||D
./Tier 4 - Regulatory Bodies (CFTC, ESMA, FCA, etc.)/2. Broader Industry Context/reporting-context/cftc/cftc-swap-reporting-part43-2020.pdf|PDF|4|INDUSTRY_CONTEXT|INCLUDE|0|0|0|0|0|0|0|0|0|0|0|MANUAL_REVIEW
./Tier 4 - Regulatory Bodies (CFTC, ESMA, FCA, etc.)/2. Broader Industry Context/reporting-context/cftc/cftc-sdr-verification-2020.pdf|PDF|4|INDUSTRY_CONTEXT|INCLUDE|0|0|0|0|0|0|0|0|0|0|0|MANUAL_REVIEW
./Tier 4 - Regulatory Bodies (CFTC, ESMA, FCA, etc.)/2. Broader Industry Context/reporting-context/cftc/cftc-technical-specification-v3.2-mar-2023.pdf|PDF|4|INDUSTRY_CONTEXT|INCLUDE|0|0|0|0|0|0|0|0|0|0|0|MANUAL_REVIEW
./Tier 4 - Regulatory Bodies (CFTC, ESMA, FCA, etc.)/2. Broader Industry Context/reporting-context/cftc/cftc-sdr-verification-2020.md|MD|4|INDUSTRY_CONTEXT|INCLUDE||D
./Tier 4 - Regulatory Bodies (CFTC, ESMA, FCA, etc.)/2. Broader Industry Context/reporting-context/sebi-india/india-derivatives-regulatory-overview.md|MD|4|INDUSTRY_CONTEXT|INCLUDE||D
./Tier 4 - Regulatory Bodies (CFTC, ESMA, FCA, etc.)/2. Broader Industry Context/reporting-context/esma/esma-position-calculation-guidelines-2024.md|MD|4|INDUSTRY_CONTEXT|INCLUDE||D
./Tier 4 - Regulatory Bodies (CFTC, ESMA, FCA, etc.)/2. Broader Industry Context/reporting-context/esma/esma-emir-qa-2024.pdf|PDF|4|INDUSTRY_CONTEXT|INCLUDE|0|0|0|0|0|0|0|0|0|0|0|MANUAL_REVIEW
./Tier 4 - Regulatory Bodies (CFTC, ESMA, FCA, etc.)/2. Broader Industry Context/reporting-context/esma/esma-position-calculation-guidelines-2024.pdf|PDF|4|INDUSTRY_CONTEXT|INCLUDE|0|0|0|0|0|0|0|0|0|0|0|MANUAL_REVIEW
./Tier 4 - Regulatory Bodies (CFTC, ESMA, FCA, etc.)/2. Broader Industry Context/reporting-context/esma/esma-emir-qa-2024.md|MD|4|INDUSTRY_CONTEXT|INCLUDE||D
./Tier 4 - Regulatory Bodies (CFTC, ESMA, FCA, etc.)/2. Broader Industry Context/reporting-context/finma-switzerland/switzerland-derivatives-regulatory-overview.md|MD|4|INDUSTRY_CONTEXT|INCLUDE||D
./Tier 4 - Regulatory Bodies (CFTC, ESMA, FCA, etc.)/2. Broader Industry Context/reporting-context/jfsa-japan/jfsa-otc-derivatives-reporting-guidelines-2022.md|MD|4|INDUSTRY_CONTEXT|INCLUDE||D
./Tier 4 - Regulatory Bodies (CFTC, ESMA, FCA, etc.)/2. Broader Industry Context/reporting-context/jfsa-japan/jfsa-otc-derivatives-reporting-guidelines-2022.pdf|PDF|4|INDUSTRY_CONTEXT|INCLUDE|0|0|0|0|0|0|0|0|0|0|0|MANUAL_REVIEW
./Tier 4 - Regulatory Bodies (CFTC, ESMA, FCA, etc.)/2. Broader Industry Context/reporting-context/cvm-brazil/brazil-derivatives-regulatory-overview.md|MD|4|INDUSTRY_CONTEXT|INCLUDE||D
./Tier 4 - Regulatory Bodies (CFTC, ESMA, FCA, etc.)/2. Broader Industry Context/reporting-context/asic/asic-rg251-derivative-transaction-reporting-oct-2024.md|MD|4|INDUSTRY_CONTEXT|INCLUDE||D
./Tier 4 - Regulatory Bodies (CFTC, ESMA, FCA, etc.)/2. Broader Industry Context/reporting-context/asic/asic-rg251-derivative-transaction-reporting-oct-2024.pdf|PDF|4|INDUSTRY_CONTEXT|INCLUDE|0|0|0|0|0|0|0|0|0|0|0|MANUAL_REVIEW
./Tier 2 - Technology Enablement Partners/1. CDM Documentation/regnosys-rosetta/cdm-object-builder/README.md|MD|2|CDM_NON_TECHNICAL|INCLUDE||D
./Tier 2 - Technology Enablement Partners/1. CDM Documentation/regnosys-rosetta/cdm-object-builder/RELEASE.md|MD|2|CDM_NON_TECHNICAL|INCLUDE||D
./Tier 2 - Technology Enablement Partners/1. CDM Documentation/regnosys-rosetta/cdm-object-builder/ui/README.md|MD|2|CDM_NON_TECHNICAL|INCLUDE||D
./Tier 2 - Technology Enablement Partners/1. CDM Documentation/regnosys-rosetta/cdm-object-builder/.github/CODE_OF_CONDUCT.md|MD|2|CDM_NON_TECHNICAL|GITHUB_TEMPLATE|0|0|0|0|0|0|0|0|0|0|0|EXCLUDED
./Tier 2 - Technology Enablement Partners/1. CDM Documentation/regnosys-rosetta/cdm-object-builder/.github/ISSUE_TEMPLATE/Support_question.md|MD|2|CDM_NON_TECHNICAL|GITHUB_TEMPLATE|0|0|0|0|0|0|0|0|0|0|0|EXCLUDED
./Tier 2 - Technology Enablement Partners/1. CDM Documentation/regnosys-rosetta/cdm-object-builder/.github/ISSUE_TEMPLATE/meeting-minutes.md|MD|2|CDM_NON_TECHNICAL|GITHUB_TEMPLATE|0|0|0|0|0|0|0|0|0|0|0|EXCLUDED
./Tier 2 - Technology Enablement Partners/1. CDM Documentation/regnosys-rosetta/cdm-object-builder/.github/ISSUE_TEMPLATE/Bug_report.md|MD|2|CDM_NON_TECHNICAL|GITHUB_TEMPLATE|0|0|0|0|0|0|0|0|0|0|0|EXCLUDED
./Tier 2 - Technology Enablement Partners/1. CDM Documentation/regnosys-rosetta/cdm-object-builder/.github/ISSUE_TEMPLATE/Feature_request.md|MD|2|CDM_NON_TECHNICAL|GITHUB_TEMPLATE|0|0|0|0|0|0|0|0|0|0|0|EXCLUDED
./Tier 2 - Technology Enablement Partners/1. CDM Documentation/regnosys-rosetta/cdm-object-builder/CONTRIBUTING.md|MD|2|CDM_NON_TECHNICAL|INCLUDE||D
./Tier 2 - Technology Enablement Partners/1. CDM Documentation/regnosys-rosetta/cdm-starter/README.md|MD|2|CDM_NON_TECHNICAL|INCLUDE||D
./Tier 2 - Technology Enablement Partners/2. Broader Industry Context/regnosys-rosetta/rosetta-code-generators/README.md|MD|2|INDUSTRY_CONTEXT|INCLUDE||D
./Tier 2 - Technology Enablement Partners/2. Broader Industry Context/regnosys-rosetta/rosetta-code-generators/.github/ISSUE_TEMPLATE/---documentation-issue.md|MD|2|INDUSTRY_CONTEXT|GITHUB_TEMPLATE|0|0|0|0|0|0|0|0|0|0|0|EXCLUDED
./Tier 2 - Technology Enablement Partners/2. Broader Industry Context/regnosys-rosetta/rosetta-code-generators/.github/ISSUE_TEMPLATE/---feature-request.md|MD|2|INDUSTRY_CONTEXT|GITHUB_TEMPLATE|0|0|0|0|0|0|0|0|0|0|0|EXCLUDED
./Tier 2 - Technology Enablement Partners/2. Broader Industry Context/regnosys-rosetta/rosetta-code-generators/.github/ISSUE_TEMPLATE/---bug-report.md|MD|2|INDUSTRY_CONTEXT|GITHUB_TEMPLATE|0|0|0|0|0|0|0|0|0|0|0|EXCLUDED
./Tier 2 - Technology Enablement Partners/2. Broader Industry Context/regnosys-rosetta/rosetta-code-generators/CONTRIBUTING.md|MD|2|INDUSTRY_CONTEXT|INCLUDE||D
./Tier 2 - Technology Enablement Partners/2. Broader Industry Context/regnosys-rosetta/rosetta-code-generators/kotlin/README.md|MD|2|INDUSTRY_CONTEXT|INCLUDE||D
./Tier 2 - Technology Enablement Partners/2. Broader Industry Context/regnosys-rosetta/rosetta-code-generators/python/README.md|MD|2|INDUSTRY_CONTEXT|INCLUDE||D
./Tier 2 - Technology Enablement Partners/2. Broader Industry Context/regnosys-rosetta/rosetta-code-generators/python/BUILDANDTEST.md|MD|2|INDUSTRY_CONTEXT|INCLUDE||D
./Tier 2 - Technology Enablement Partners/2. Broader Industry Context/regnosys-rosetta/rune-python-runtime/README.md|MD|2|INDUSTRY_CONTEXT|INCLUDE||D
./Tier 2 - Technology Enablement Partners/2. Broader Industry Context/regnosys-rosetta/rune-python-runtime/.github/CODE_OF_CONDUCT.md|MD|2|INDUSTRY_CONTEXT|GITHUB_TEMPLATE|0|0|0|0|0|0|0|0|0|0|0|EXCLUDED
./Tier 2 - Technology Enablement Partners/2. Broader Industry Context/regnosys-rosetta/rune-python-runtime/.github/ISSUE_TEMPLATE/Support_question.md|MD|2|INDUSTRY_CONTEXT|GITHUB_TEMPLATE|0|0|0|0|0|0|0|0|0|0|0|EXCLUDED
./Tier 2 - Technology Enablement Partners/2. Broader Industry Context/regnosys-rosetta/rune-python-runtime/.github/ISSUE_TEMPLATE/meeting-minutes.md|MD|2|INDUSTRY_CONTEXT|GITHUB_TEMPLATE|0|0|0|0|0|0|0|0|0|0|0|EXCLUDED
./Tier 2 - Technology Enablement Partners/2. Broader Industry Context/regnosys-rosetta/rune-python-runtime/.github/ISSUE_TEMPLATE/Bug_report.md|MD|2|INDUSTRY_CONTEXT|GITHUB_TEMPLATE|0|0|0|0|0|0|0|0|0|0|0|EXCLUDED
./Tier 2 - Technology Enablement Partners/2. Broader Industry Context/regnosys-rosetta/rune-python-runtime/.github/ISSUE_TEMPLATE/Feature_request.md|MD|2|INDUSTRY_CONTEXT|GITHUB_TEMPLATE|0|0|0|0|0|0|0|0|0|0|0|EXCLUDED
./Tier 2 - Technology Enablement Partners/2. Broader Industry Context/regnosys-rosetta/rune-python-runtime/EASYCLA_CHANGEME.md|MD|2|INDUSTRY_CONTEXT|LICENSE_FILE|0|0|0|0|0|0|0|0|0|0|0|EXCLUDED
./Tier 2 - Technology Enablement Partners/2. Broader Industry Context/regnosys-rosetta/rune-python-runtime/CONTRIBUTING.md|MD|2|INDUSTRY_CONTEXT|INCLUDE||D
./Tier 2 - Technology Enablement Partners/2. Broader Industry Context/regnosys-rosetta/rune-python-runtime/docs/home.md|MD|2|INDUSTRY_CONTEXT|INCLUDE||D
./Tier 2 - Technology Enablement Partners/2. Broader Industry Context/regnosys-rosetta/rune-dsl/README.md|MD|2|INDUSTRY_CONTEXT|INCLUDE||D
./Tier 2 - Technology Enablement Partners/2. Broader Industry Context/regnosys-rosetta/rune-dsl/CODE_OF_CONDUCT.md|MD|2|INDUSTRY_CONTEXT|GITHUB_TEMPLATE|0|0|0|0|0|0|0|0|0|0|0|EXCLUDED
./Tier 2 - Technology Enablement Partners/2. Broader Industry Context/regnosys-rosetta/rune-dsl/.github/pull_request_template.md|MD|2|INDUSTRY_CONTEXT|GITHUB_TEMPLATE|0|0|0|0|0|0|0|0|0|0|0|EXCLUDED
./Tier 2 - Technology Enablement Partners/2. Broader Industry Context/regnosys-rosetta/rune-dsl/.github/actions/normalize-branch-name/node_modules/@actions/core/README.md|MD|2|INDUSTRY_CONTEXT|INCLUDE||D
./Tier 2 - Technology Enablement Partners/2. Broader Industry Context/regnosys-rosetta/rune-dsl/.github/actions/normalize-branch-name/node_modules/@actions/core/LICENSE.md|MD|2|INDUSTRY_CONTEXT|LICENSE_FILE|0|0|0|0|0|0|0|0|0|0|0|EXCLUDED
./Tier 2 - Technology Enablement Partners/2. Broader Industry Context/regnosys-rosetta/rune-dsl/rune-ide/vscode/vsc-extension-quickstart.md|MD|2|INDUSTRY_CONTEXT|INCLUDE||D
./Tier 2 - Technology Enablement Partners/2. Broader Industry Context/regnosys-rosetta/rune-dsl/rune-ide/vscode/README.md|MD|2|INDUSTRY_CONTEXT|INCLUDE||D
./Tier 2 - Technology Enablement Partners/2. Broader Industry Context/regnosys-rosetta/rune-dsl/rune-ide/vscode/CHANGELOG.md|MD|2|INDUSTRY_CONTEXT|INCLUDE||D
./Tier 2 - Technology Enablement Partners/2. Broader Industry Context/regnosys-rosetta/rune-dsl/CONTRIBUTING.md|MD|2|INDUSTRY_CONTEXT|INCLUDE||D
./Tier 2 - Technology Enablement Partners/2. Broader Industry Context/regnosys-rosetta/rune-dsl/docs/rune-java-documentation.md|MD|2|INDUSTRY_CONTEXT|INCLUDE||D
./Tier 2 - Technology Enablement Partners/2. Broader Industry Context/regnosys-rosetta/rune-dsl/docs/rune-modelling-component.md|MD|2|INDUSTRY_CONTEXT|INCLUDE||D
./Tier 2 - Technology Enablement Partners/2. Broader Industry Context/regnosys-rosetta/rune-dsl/.junie/xtend-migration-plan.md|MD|2|INDUSTRY_CONTEXT|INCLUDE||D
./Tier 2 - Technology Enablement Partners/2. Broader Industry Context/regnosys-rosetta/rune-dsl/.junie/xtend-docs/index.md|MD|2|INDUSTRY_CONTEXT|INTERNAL_TECH|0|0|0|0|0|0|0|0|0|0|0|EXCLUDED
./Tier 2 - Technology Enablement Partners/2. Broader Industry Context/regnosys-rosetta/rune-dsl/.junie/xtend-docs/203_xtend_expressions.md|MD|2|INDUSTRY_CONTEXT|INTERNAL_TECH|0|0|0|0|0|0|0|0|0|0|0|EXCLUDED
./Tier 2 - Technology Enablement Partners/2. Broader Industry Context/regnosys-rosetta/rune-dsl/.junie/xtend-docs/201_types.md|MD|2|INDUSTRY_CONTEXT|INTERNAL_TECH|0|0|0|0|0|0|0|0|0|0|0|EXCLUDED
./Tier 2 - Technology Enablement Partners/2. Broader Industry Context/regnosys-rosetta/rune-dsl/.junie/xtend-docs/204_activeannotations.md|MD|2|INDUSTRY_CONTEXT|INTERNAL_TECH|0|0|0|0|0|0|0|0|0|0|0|EXCLUDED
./Tier 2 - Technology Enablement Partners/2. Broader Industry Context/regnosys-rosetta/rune-dsl/.junie/xtend-docs/102_moviesexample.md|MD|2|INDUSTRY_CONTEXT|INTERNAL_TECH|0|0|0|0|0|0|0|0|0|0|0|EXCLUDED
./Tier 2 - Technology Enablement Partners/2. Broader Industry Context/regnosys-rosetta/rune-dsl/.junie/xtend-docs/101_gettingstarted.md|MD|2|INDUSTRY_CONTEXT|INTERNAL_TECH|0|0|0|0|0|0|0|0|0|0|0|EXCLUDED
./Tier 2 - Technology Enablement Partners/2. Broader Industry Context/regnosys-rosetta/rune-dsl/.junie/xtend-docs/202_xtend_classes_members.md|MD|2|INDUSTRY_CONTEXT|INTERNAL_TECH|0|0|0|0|0|0|0|0|0|0|0|EXCLUDED
./Tier 2 - Technology Enablement Partners/2. Broader Industry Context/regnosys-rosetta/rune-testing/README.md|MD|2|INDUSTRY_CONTEXT|INCLUDE||D
./Tier 2 - Technology Enablement Partners/2. Broader Industry Context/regnosys-rosetta/rune-testing/CODE_OF_CONDUCT.md|MD|2|INDUSTRY_CONTEXT|GITHUB_TEMPLATE|0|0|0|0|0|0|0|0|0|0|0|EXCLUDED
./Tier 2 - Technology Enablement Partners/2. Broader Industry Context/regnosys-rosetta/rune-testing/.github/pull_request_template.md|MD|2|INDUSTRY_CONTEXT|GITHUB_TEMPLATE|0|0|0|0|0|0|0|0|0|0|0|EXCLUDED
./Tier 2 - Technology Enablement Partners/2. Broader Industry Context/regnosys-rosetta/rune-testing/CONTRIBUTING.md|MD|2|INDUSTRY_CONTEXT|INCLUDE||D
./Tier 2 - Technology Enablement Partners/2. Broader Industry Context/regnosys-rosetta/rune-docs/README.md|MD|2|INDUSTRY_CONTEXT|INCLUDE||D
./Tier 2 - Technology Enablement Partners/2. Broader Industry Context/regnosys-rosetta/rune-docs/website/README.md|MD|2|INDUSTRY_CONTEXT|INCLUDE||D
./Tier 2 - Technology Enablement Partners/2. Broader Industry Context/regnosys-rosetta/rune-docs/website/blog/2019-05-29-long-blog-post.md|MD|2|INDUSTRY_CONTEXT|INCLUDE||D
./Tier 2 - Technology Enablement Partners/2. Broader Industry Context/regnosys-rosetta/rune-docs/website/blog/2021-08-26-welcome/index.md|MD|2|INDUSTRY_CONTEXT|INCLUDE||D
./Tier 2 - Technology Enablement Partners/2. Broader Industry Context/regnosys-rosetta/rune-docs/website/blog/2019-05-28-first-blog-post.md|MD|2|INDUSTRY_CONTEXT|INCLUDE||D
./Tier 2 - Technology Enablement Partners/2. Broader Industry Context/regnosys-rosetta/rune-docs/website/src/pages/markdown-page.md|MD|2|INDUSTRY_CONTEXT|INCLUDE||D
./Tier 2 - Technology Enablement Partners/2. Broader Industry Context/regnosys-rosetta/rune-docs/website/docs/tutorial-extras/translate-your-site.md|MD|2|INDUSTRY_CONTEXT|INCLUDE||D
./Tier 2 - Technology Enablement Partners/2. Broader Industry Context/regnosys-rosetta/rune-docs/website/docs/tutorial-extras/manage-docs-versions.md|MD|2|INDUSTRY_CONTEXT|INCLUDE||D
./Tier 2 - Technology Enablement Partners/2. Broader Industry Context/regnosys-rosetta/rune-docs/website/docs/intro.md|MD|2|INDUSTRY_CONTEXT|INCLUDE||D
./Tier 2 - Technology Enablement Partners/2. Broader Industry Context/regnosys-rosetta/rune-docs/website/docs/tutorial-basics/congratulations.md|MD|2|INDUSTRY_CONTEXT|INCLUDE||D
./Tier 2 - Technology Enablement Partners/2. Broader Industry Context/regnosys-rosetta/rune-docs/website/docs/tutorial-basics/deploy-your-site.md|MD|2|INDUSTRY_CONTEXT|INCLUDE||D
./Tier 2 - Technology Enablement Partners/2. Broader Industry Context/regnosys-rosetta/rune-docs/website/docs/tutorial-basics/create-a-page.md|MD|2|INDUSTRY_CONTEXT|INCLUDE||D
./Tier 2 - Technology Enablement Partners/2. Broader Industry Context/regnosys-rosetta/rune-docs/website/docs/tutorial-basics/create-a-blog-post.md|MD|2|INDUSTRY_CONTEXT|INCLUDE||D
./Tier 2 - Technology Enablement Partners/2. Broader Industry Context/regnosys-rosetta/rune-docs/website/docs/tutorial-basics/create-a-document.md|MD|2|INDUSTRY_CONTEXT|INCLUDE||D
./Tier 2 - Technology Enablement Partners/2. Broader Industry Context/regnosys-rosetta/rune-python-generator/README.md|MD|2|INDUSTRY_CONTEXT|INCLUDE||D
./Tier 2 - Technology Enablement Partners/2. Broader Industry Context/regnosys-rosetta/rune-python-generator/RELEASE.md|MD|2|INDUSTRY_CONTEXT|INCLUDE||D
./Tier 2 - Technology Enablement Partners/2. Broader Industry Context/regnosys-rosetta/rune-python-generator/CODE_OF_CONDUCT.md|MD|2|INDUSTRY_CONTEXT|GITHUB_TEMPLATE|0|0|0|0|0|0|0|0|0|0|0|EXCLUDED
./Tier 2 - Technology Enablement Partners/2. Broader Industry Context/regnosys-rosetta/rune-python-generator/BUILDANDTEST.md|MD|2|INDUSTRY_CONTEXT|INCLUDE||D
./Tier 2 - Technology Enablement Partners/2. Broader Industry Context/regnosys-rosetta/rune-python-generator/.github/ISSUE_TEMPLATE/Support_question.md|MD|2|INDUSTRY_CONTEXT|GITHUB_TEMPLATE|0|0|0|0|0|0|0|0|0|0|0|EXCLUDED
./Tier 2 - Technology Enablement Partners/2. Broader Industry Context/regnosys-rosetta/rune-python-generator/.github/ISSUE_TEMPLATE/meeting-minutes.md|MD|2|INDUSTRY_CONTEXT|GITHUB_TEMPLATE|0|0|0|0|0|0|0|0|0|0|0|EXCLUDED
./Tier 2 - Technology Enablement Partners/2. Broader Industry Context/regnosys-rosetta/rune-python-generator/.github/ISSUE_TEMPLATE/Bug_report.md|MD|2|INDUSTRY_CONTEXT|GITHUB_TEMPLATE|0|0|0|0|0|0|0|0|0|0|0|EXCLUDED
./Tier 2 - Technology Enablement Partners/2. Broader Industry Context/regnosys-rosetta/rune-python-generator/.github/ISSUE_TEMPLATE/Feature_request.md|MD|2|INDUSTRY_CONTEXT|GITHUB_TEMPLATE|0|0|0|0|0|0|0|0|0|0|0|EXCLUDED
./Tier 2 - Technology Enablement Partners/2. Broader Industry Context/regnosys-rosetta/rune-python-generator/EASYCLA_CHANGEME.md|MD|2|INDUSTRY_CONTEXT|LICENSE_FILE|0|0|0|0|0|0|0|0|0|0|0|EXCLUDED
./Tier 2 - Technology Enablement Partners/2. Broader Industry Context/regnosys-rosetta/rune-python-generator/CONTRIBUTING.md|MD|2|INDUSTRY_CONTEXT|INCLUDE||D
./Tier 2 - Technology Enablement Partners/2. Broader Industry Context/regnosys-rosetta/rune-python-generator/EXPRESSION_SUPPORT.md|MD|2|INDUSTRY_CONTEXT|INCLUDE||D
./Tier 2 - Technology Enablement Partners/2. Broader Industry Context/regnosys-rosetta/rune-python-generator/docs/home.md|MD|2|INDUSTRY_CONTEXT|INCLUDE||D
./Tier 2 - Technology Enablement Partners/2. Broader Industry Context/regnosys-rosetta/rosetta-dsl/README.md|MD|2|INDUSTRY_CONTEXT|INCLUDE||D
./Tier 2 - Technology Enablement Partners/2. Broader Industry Context/regnosys-rosetta/rosetta-dsl/CODE_OF_CONDUCT.md|MD|2|INDUSTRY_CONTEXT|GITHUB_TEMPLATE|0|0|0|0|0|0|0|0|0|0|0|EXCLUDED
./Tier 2 - Technology Enablement Partners/2. Broader Industry Context/regnosys-rosetta/rosetta-dsl/.github/pull_request_template.md|MD|2|INDUSTRY_CONTEXT|GITHUB_TEMPLATE|0|0|0|0|0|0|0|0|0|0|0|EXCLUDED
./Tier 2 - Technology Enablement Partners/2. Broader Industry Context/regnosys-rosetta/rosetta-dsl/.github/actions/normalize-branch-name/node_modules/@actions/core/README.md|MD|2|INDUSTRY_CONTEXT|INCLUDE||D
./Tier 2 - Technology Enablement Partners/2. Broader Industry Context/regnosys-rosetta/rosetta-dsl/.github/actions/normalize-branch-name/node_modules/@actions/core/LICENSE.md|MD|2|INDUSTRY_CONTEXT|LICENSE_FILE|0|0|0|0|0|0|0|0|0|0|0|EXCLUDED
./Tier 2 - Technology Enablement Partners/2. Broader Industry Context/regnosys-rosetta/rosetta-dsl/rune-ide/vscode/vsc-extension-quickstart.md|MD|2|INDUSTRY_CONTEXT|INCLUDE||D
./Tier 2 - Technology Enablement Partners/2. Broader Industry Context/regnosys-rosetta/rosetta-dsl/rune-ide/vscode/README.md|MD|2|INDUSTRY_CONTEXT|INCLUDE||D
./Tier 2 - Technology Enablement Partners/2. Broader Industry Context/regnosys-rosetta/rosetta-dsl/rune-ide/vscode/CHANGELOG.md|MD|2|INDUSTRY_CONTEXT|INCLUDE||D
./Tier 2 - Technology Enablement Partners/2. Broader Industry Context/regnosys-rosetta/rosetta-dsl/CONTRIBUTING.md|MD|2|INDUSTRY_CONTEXT|INCLUDE||D
./Tier 2 - Technology Enablement Partners/2. Broader Industry Context/regnosys-rosetta/rosetta-dsl/docs/rune-java-documentation.md|MD|2|INDUSTRY_CONTEXT|INCLUDE||D
./Tier 2 - Technology Enablement Partners/2. Broader Industry Context/regnosys-rosetta/rosetta-dsl/docs/rune-modelling-component.md|MD|2|INDUSTRY_CONTEXT|INCLUDE||D
./Tier 2 - Technology Enablement Partners/2. Broader Industry Context/regnosys-rosetta/rosetta-dsl/.junie/xtend-migration-plan.md|MD|2|INDUSTRY_CONTEXT|INCLUDE||D
./Tier 2 - Technology Enablement Partners/2. Broader Industry Context/regnosys-rosetta/rosetta-dsl/.junie/xtend-docs/index.md|MD|2|INDUSTRY_CONTEXT|INTERNAL_TECH|0|0|0|0|0|0|0|0|0|0|0|EXCLUDED
./Tier 2 - Technology Enablement Partners/2. Broader Industry Context/regnosys-rosetta/rosetta-dsl/.junie/xtend-docs/203_xtend_expressions.md|MD|2|INDUSTRY_CONTEXT|INTERNAL_TECH|0|0|0|0|0|0|0|0|0|0|0|EXCLUDED
./Tier 2 - Technology Enablement Partners/2. Broader Industry Context/regnosys-rosetta/rosetta-dsl/.junie/xtend-docs/201_types.md|MD|2|INDUSTRY_CONTEXT|INTERNAL_TECH|0|0|0|0|0|0|0|0|0|0|0|EXCLUDED
./Tier 2 - Technology Enablement Partners/2. Broader Industry Context/regnosys-rosetta/rosetta-dsl/.junie/xtend-docs/204_activeannotations.md|MD|2|INDUSTRY_CONTEXT|INTERNAL_TECH|0|0|0|0|0|0|0|0|0|0|0|EXCLUDED
./Tier 2 - Technology Enablement Partners/2. Broader Industry Context/regnosys-rosetta/rosetta-dsl/.junie/xtend-docs/102_moviesexample.md|MD|2|INDUSTRY_CONTEXT|INTERNAL_TECH|0|0|0|0|0|0|0|0|0|0|0|EXCLUDED
./Tier 2 - Technology Enablement Partners/2. Broader Industry Context/regnosys-rosetta/rosetta-dsl/.junie/xtend-docs/101_gettingstarted.md|MD|2|INDUSTRY_CONTEXT|INTERNAL_TECH|0|0|0|0|0|0|0|0|0|0|0|EXCLUDED
./Tier 2 - Technology Enablement Partners/2. Broader Industry Context/regnosys-rosetta/rosetta-dsl/.junie/xtend-docs/202_xtend_classes_members.md|MD|2|INDUSTRY_CONTEXT|INTERNAL_TECH|0|0|0|0|0|0|0|0|0|0|0|EXCLUDED
./Tier 2 - Technology Enablement Partners/2. Broader Industry Context/regnosys-rosetta/rune-common/README.md|MD|2|INDUSTRY_CONTEXT|INCLUDE||D
./Tier 2 - Technology Enablement Partners/2. Broader Industry Context/regnosys-rosetta/rune-common/CODE_OF_CONDUCT.md|MD|2|INDUSTRY_CONTEXT|GITHUB_TEMPLATE|0|0|0|0|0|0|0|0|0|0|0|EXCLUDED
./Tier 2 - Technology Enablement Partners/2. Broader Industry Context/regnosys-rosetta/rune-common/.github/pull_request_template.md|MD|2|INDUSTRY_CONTEXT|GITHUB_TEMPLATE|0|0|0|0|0|0|0|0|0|0|0|EXCLUDED
./Tier 2 - Technology Enablement Partners/2. Broader Industry Context/regnosys-rosetta/rune-common/CONTRIBUTING.md|MD|2|INDUSTRY_CONTEXT|INCLUDE||D
./Tier 2 - Technology Enablement Partners/2. Broader Industry Context/finos-rune/rune-dsl/README.md|MD|2|INDUSTRY_CONTEXT|INCLUDE||D
./Tier 2 - Technology Enablement Partners/2. Broader Industry Context/finos-rune/rune-dsl/CODE_OF_CONDUCT.md|MD|2|INDUSTRY_CONTEXT|GITHUB_TEMPLATE|0|0|0|0|0|0|0|0|0|0|0|EXCLUDED
./Tier 2 - Technology Enablement Partners/2. Broader Industry Context/finos-rune/rune-dsl/.github/pull_request_template.md|MD|2|INDUSTRY_CONTEXT|GITHUB_TEMPLATE|0|0|0|0|0|0|0|0|0|0|0|EXCLUDED
./Tier 2 - Technology Enablement Partners/2. Broader Industry Context/finos-rune/rune-dsl/.github/actions/normalize-branch-name/node_modules/@actions/core/README.md|MD|2|INDUSTRY_CONTEXT|INCLUDE||D
./Tier 2 - Technology Enablement Partners/2. Broader Industry Context/finos-rune/rune-dsl/.github/actions/normalize-branch-name/node_modules/@actions/core/LICENSE.md|MD|2|INDUSTRY_CONTEXT|LICENSE_FILE|0|0|0|0|0|0|0|0|0|0|0|EXCLUDED
./Tier 2 - Technology Enablement Partners/2. Broader Industry Context/finos-rune/rune-dsl/rune-ide/vscode/vsc-extension-quickstart.md|MD|2|INDUSTRY_CONTEXT|INCLUDE||D
./Tier 2 - Technology Enablement Partners/2. Broader Industry Context/finos-rune/rune-dsl/rune-ide/vscode/README.md|MD|2|INDUSTRY_CONTEXT|INCLUDE||D
./Tier 2 - Technology Enablement Partners/2. Broader Industry Context/finos-rune/rune-dsl/rune-ide/vscode/CHANGELOG.md|MD|2|INDUSTRY_CONTEXT|INCLUDE||D
./Tier 2 - Technology Enablement Partners/2. Broader Industry Context/finos-rune/rune-dsl/CONTRIBUTING.md|MD|2|INDUSTRY_CONTEXT|INCLUDE||D
./Tier 2 - Technology Enablement Partners/2. Broader Industry Context/finos-rune/rune-dsl/docs/rune-java-documentation.md|MD|2|INDUSTRY_CONTEXT|INCLUDE||D
./Tier 2 - Technology Enablement Partners/2. Broader Industry Context/finos-rune/rune-dsl/docs/rune-modelling-component.md|MD|2|INDUSTRY_CONTEXT|INCLUDE||D
./Tier 2 - Technology Enablement Partners/2. Broader Industry Context/finos-rune/rune-dsl/.junie/xtend-migration-plan.md|MD|2|INDUSTRY_CONTEXT|INCLUDE||D
./Tier 2 - Technology Enablement Partners/2. Broader Industry Context/finos-rune/rune-dsl/.junie/xtend-docs/index.md|MD|2|INDUSTRY_CONTEXT|INTERNAL_TECH|0|0|0|0|0|0|0|0|0|0|0|EXCLUDED
./Tier 2 - Technology Enablement Partners/2. Broader Industry Context/finos-rune/rune-dsl/.junie/xtend-docs/203_xtend_expressions.md|MD|2|INDUSTRY_CONTEXT|INTERNAL_TECH|0|0|0|0|0|0|0|0|0|0|0|EXCLUDED
./Tier 2 - Technology Enablement Partners/2. Broader Industry Context/finos-rune/rune-dsl/.junie/xtend-docs/201_types.md|MD|2|INDUSTRY_CONTEXT|INTERNAL_TECH|0|0|0|0|0|0|0|0|0|0|0|EXCLUDED
./Tier 2 - Technology Enablement Partners/2. Broader Industry Context/finos-rune/rune-dsl/.junie/xtend-docs/204_activeannotations.md|MD|2|INDUSTRY_CONTEXT|INTERNAL_TECH|0|0|0|0|0|0|0|0|0|0|0|EXCLUDED
./Tier 2 - Technology Enablement Partners/2. Broader Industry Context/finos-rune/rune-dsl/.junie/xtend-docs/102_moviesexample.md|MD|2|INDUSTRY_CONTEXT|INTERNAL_TECH|0|0|0|0|0|0|0|0|0|0|0|EXCLUDED
./Tier 2 - Technology Enablement Partners/2. Broader Industry Context/finos-rune/rune-dsl/.junie/xtend-docs/101_gettingstarted.md|MD|2|INDUSTRY_CONTEXT|INTERNAL_TECH|0|0|0|0|0|0|0|0|0|0|0|EXCLUDED
./Tier 2 - Technology Enablement Partners/2. Broader Industry Context/finos-rune/rune-dsl/.junie/xtend-docs/202_xtend_classes_members.md|MD|2|INDUSTRY_CONTEXT|INTERNAL_TECH|0|0|0|0|0|0|0|0|0|0|0|EXCLUDED
./Tier 5 - Consulting Firm Perspectives/1. CDM Documentation/deloitte/2024-deloitte-cdm-drr-financial-services.md|MD|5|CDM_NON_TECHNICAL|INCLUDE||D
./Tier 5 - Consulting Firm Perspectives/1. CDM Documentation/specialists/tradeheader/2022-tradeheader-why-drr-important.md|MD|5|CDM_NON_TECHNICAL|INCLUDE||D
./Tier 5 - Consulting Firm Perspectives/1. CDM Documentation/specialists/tradeheader/2024-tradeheader-drr-faq.md|MD|5|CDM_NON_TECHNICAL|INCLUDE||D
./Tier 5 - Consulting Firm Perspectives/1. CDM Documentation/specialists/tokenovate/2025-isda-tokenovate-smart-contract-taskforce.md|MD|5|CDM_NON_TECHNICAL|INCLUDE||D
./Tier 5 - Consulting Firm Perspectives/1. CDM Documentation/specialists/digital-asset/digital-asset-cdm-daml-overview.md|MD|5|CDM_NON_TECHNICAL|INCLUDE||D
./Tier 5 - Consulting Firm Perspectives/1. CDM Documentation/specialists/regnosys/regnosys-regulatory-reporting-overview.md|MD|5|CDM_NON_TECHNICAL|INCLUDE||D
./Tier 5 - Consulting Firm Perspectives/2. Broader Industry Context/capgemini/2025-capgemini-regulatory-reporting-landscape.md|MD|5|INDUSTRY_CONTEXT|INCLUDE||D
./Tier 5 - Consulting Firm Perspectives/2. Broader Industry Context/kpmg/2024-kpmg-derivatives-reporting-perspective.md|MD|5|INDUSTRY_CONTEXT|INCLUDE||D
./Tier 5 - Consulting Firm Perspectives/2. Broader Industry Context/kpmg/2025-kpmg-financial-services-regulatory-priorities.md|MD|5|INDUSTRY_CONTEXT|INCLUDE||D
./ISDA-CDM-Research-Report.md|MD|TOP|OTHER|INCLUDE|38|3|18|68|48|15|17|64|32|1|910|S
./CDM-SOURCE-INVENTORY.md|MD|TOP|OTHER|INCLUDE|1|2|2|10|49|37|14|64|7|7|468|S
./DOCUMENT-SCORING-TEMPLATE.md|MD|TOP|OTHER|INCLUDE|9|6|8|16|11|28|19|13|7|3|337|S
./SCORED-DOCUMENT-INVENTORY.md|MD|TOP|OTHER|INCLUDE|15|20|14|14|46|57|30|56|28|13|790|S
./Tier 3 - Training & Education Documentation/1. CDM Documentation/CDM-TRAINING-LANDSCAPE.md|MD|3|CDM_NON_TECHNICAL|INCLUDE||D
./Tier 3 - Training & Education Documentation/1. CDM Documentation/linux-foundation/CDM-Training-Course-Info.md|MD|3|CDM_NON_TECHNICAL|INCLUDE||D
./ISDA-CDM-Research-Transcript.md|MD|TOP|OTHER|INCLUDE|52|3|22|81|48|16|25|57|57|2|1119|S
./Tier 1 - Core industry sources (FINOS, ISDA, ICMA, ISLA)/1. CDM Documentation/1. Non-Technical Documentation/icma/Mani-Pillai_otc-Digital_CDM-Showcase-2025.md|MD|1|CDM_TECHNICAL|INCLUDE||D
./Tier 1 - Core industry sources (FINOS, ISDA, ICMA, ISLA)/1. CDM Documentation/1. Non-Technical Documentation/icma/Ian-Woodgate_Digital-Asset_CDM-Showcase-2025.pdf|PDF|1|CDM_TECHNICAL|INCLUDE|0|0|0|0|0|0|0|0|0|0|0|MANUAL_REVIEW
./Tier 1 - Core industry sources (FINOS, ISDA, ICMA, ISLA)/1. CDM Documentation/1. Non-Technical Documentation/icma/ICMA-Quarterly-Report-article-CDM-for-repo-and-bonds-Q2-2023-230523.pdf|PDF|1|CDM_TECHNICAL|INCLUDE|0|0|0|0|0|0|0|0|0|0|0|MANUAL_REVIEW
./Tier 1 - Core industry sources (FINOS, ISDA, ICMA, ISLA)/1. CDM Documentation/1. Non-Technical Documentation/icma/Matthew-Phillips_Trading-Apps_CDM-Showcase-2025.pdf|PDF|1|CDM_TECHNICAL|INCLUDE|0|0|0|0|0|0|0|0|0|0|0|MANUAL_REVIEW
./Tier 1 - Core industry sources (FINOS, ISDA, ICMA, ISLA)/1. CDM Documentation/1. Non-Technical Documentation/icma/Ian-Woodgate_Digital-Asset_CDM-Showcase-2025.md|MD|1|CDM_TECHNICAL|INCLUDE||D
./Tier 1 - Core industry sources (FINOS, ISDA, ICMA, ISLA)/1. CDM Documentation/1. Non-Technical Documentation/icma/Daniel-Ivanier_Fragmos-Chain_CDM-Showcase-2025.pdf|PDF|1|CDM_TECHNICAL|INCLUDE|0|0|0|0|0|0|0|0|0|0|0|MANUAL_REVIEW
./Tier 1 - Core industry sources (FINOS, ISDA, ICMA, ISLA)/1. CDM Documentation/1. Non-Technical Documentation/icma/ICMA-CDM-Factsheet-May-2023-230523.md|MD|1|CDM_TECHNICAL|INCLUDE||D
./Tier 1 - Core industry sources (FINOS, ISDA, ICMA, ISLA)/1. CDM Documentation/1. Non-Technical Documentation/icma/Stephen-Ashworth_Tokenovate_CDM-Showcase-2025.md|MD|1|CDM_TECHNICAL|INCLUDE||D
./Tier 1 - Core industry sources (FINOS, ISDA, ICMA, ISLA)/1. CDM Documentation/1. Non-Technical Documentation/icma/Matthew-Phillips_Trading-Apps_CDM-Showcase-2025.md|MD|1|CDM_TECHNICAL|INCLUDE||D
./Tier 1 - Core industry sources (FINOS, ISDA, ICMA, ISLA)/1. CDM Documentation/1. Non-Technical Documentation/icma/Paul-Hands_Document-Risk-Solutions_CDM-Showcase-2025.md|MD|1|CDM_TECHNICAL|INCLUDE||D
./Tier 1 - Core industry sources (FINOS, ISDA, ICMA, ISLA)/1. CDM Documentation/1. Non-Technical Documentation/icma/ICMA-quarterly-report-article-Common-Domain-Model-Phase-2-Q3-2022-040822.pdf|PDF|1|CDM_TECHNICAL|INCLUDE|0|0|0|0|0|0|0|0|0|0|0|MANUAL_REVIEW
./Tier 1 - Core industry sources (FINOS, ISDA, ICMA, ISLA)/1. CDM Documentation/1. Non-Technical Documentation/icma/Daniel-Ivanier_Fragmos-Chain_CDM-Showcase-2025.md|MD|1|CDM_TECHNICAL|INCLUDE||D
./Tier 1 - Core industry sources (FINOS, ISDA, ICMA, ISLA)/1. CDM Documentation/1. Non-Technical Documentation/icma/ICMA-Quarterly-Report-article-CDM-for-repo-and-bonds-Q2-2023-230523.md|MD|1|CDM_TECHNICAL|INCLUDE||D
./Tier 1 - Core industry sources (FINOS, ISDA, ICMA, ISLA)/1. CDM Documentation/1. Non-Technical Documentation/icma/ICMA-quarterly-report-article-Common-Domain-Model-Phase-2-Q3-2022-040822.md|MD|1|CDM_TECHNICAL|INCLUDE||D
./Tier 1 - Core industry sources (FINOS, ISDA, ICMA, ISLA)/1. CDM Documentation/1. Non-Technical Documentation/icma/CDM-for-repo-and-bonds-factsheet-for-implementation-ICMA-July-2021.pdf|PDF|1|CDM_TECHNICAL|INCLUDE|0|0|0|0|0|0|0|0|0|0|0|MANUAL_REVIEW
./Tier 1 - Core industry sources (FINOS, ISDA, ICMA, ISLA)/1. CDM Documentation/1. Non-Technical Documentation/icma/Stephanie-Rubizhevsky_Novatus-Global_CDM-Showcase-2025.md|MD|1|CDM_TECHNICAL|INCLUDE||D
./Tier 1 - Core industry sources (FINOS, ISDA, ICMA, ISLA)/1. CDM Documentation/1. Non-Technical Documentation/icma/Stephen-Ashworth_Tokenovate_CDM-Showcase-2025.pdf|PDF|1|CDM_TECHNICAL|INCLUDE|0|0|0|0|0|0|0|0|0|0|0|MANUAL_REVIEW
./Tier 1 - Core industry sources (FINOS, ISDA, ICMA, ISLA)/1. CDM Documentation/1. Non-Technical Documentation/icma/Oleg-Blokhin_Provectus_CDM-Showcase-2025.pdf|PDF|1|CDM_TECHNICAL|INCLUDE|0|0|0|0|0|0|0|0|0|0|0|MANUAL_REVIEW
./Tier 1 - Core industry sources (FINOS, ISDA, ICMA, ISLA)/1. CDM Documentation/1. Non-Technical Documentation/icma/Tom-Healey_ICMA_CDM-Showcase-2025.pdf|PDF|1|CDM_TECHNICAL|INCLUDE|0|0|0|0|0|0|0|0|0|0|0|MANUAL_REVIEW
./Tier 1 - Core industry sources (FINOS, ISDA, ICMA, ISLA)/1. CDM Documentation/1. Non-Technical Documentation/icma/Oleg-Blokhin_Provectus_CDM-Showcase-2025.md|MD|1|CDM_TECHNICAL|INCLUDE||D
./Tier 1 - Core industry sources (FINOS, ISDA, ICMA, ISLA)/1. CDM Documentation/1. Non-Technical Documentation/icma/CDM-for-repo-and-bonds-factsheet-for-implementation-ICMA-July-2021.md|MD|1|CDM_TECHNICAL|INCLUDE||D
./Tier 1 - Core industry sources (FINOS, ISDA, ICMA, ISLA)/1. CDM Documentation/1. Non-Technical Documentation/icma/Mani-Pillai_otc-Digital_CDM-Showcase-2025.pdf|PDF|1|CDM_TECHNICAL|INCLUDE|0|0|0|0|0|0|0|0|0|0|0|MANUAL_REVIEW
./Tier 1 - Core industry sources (FINOS, ISDA, ICMA, ISLA)/1. CDM Documentation/1. Non-Technical Documentation/icma/Tom-Healey_ICMA_CDM-Showcase-2025.md|MD|1|CDM_TECHNICAL|INCLUDE||D
./Tier 1 - Core industry sources (FINOS, ISDA, ICMA, ISLA)/1. CDM Documentation/1. Non-Technical Documentation/icma/Stephanie-Rubizhevsky_Novatus-Global_CDM-Showcase-2025.pdf|PDF|1|CDM_TECHNICAL|INCLUDE|0|0|0|0|0|0|0|0|0|0|0|MANUAL_REVIEW
./Tier 1 - Core industry sources (FINOS, ISDA, ICMA, ISLA)/1. CDM Documentation/1. Non-Technical Documentation/icma/ICMA-CDM-Factsheet-May-2023-230523.pdf|PDF|1|CDM_TECHNICAL|INCLUDE|0|0|0|0|0|0|0|0|0|0|0|MANUAL_REVIEW
./Tier 1 - Core industry sources (FINOS, ISDA, ICMA, ISLA)/1. CDM Documentation/1. Non-Technical Documentation/icma/Paul-Hands_Document-Risk-Solutions_CDM-Showcase-2025.pdf|PDF|1|CDM_TECHNICAL|INCLUDE|0|0|0|0|0|0|0|0|0|0|0|MANUAL_REVIEW
./Tier 1 - Core industry sources (FINOS, ISDA, ICMA, ISLA)/1. CDM Documentation/1. Non-Technical Documentation/isda/cdm-specific/Industry-Perspectives-on-the-ISDA-DRR-Unlocking-Efficiency-Accuracy-and-Strategic-Value.pdf|PDF|1|CDM_TECHNICAL|INCLUDE|0|0|0|0|0|0|0|0|0|0|0|MANUAL_REVIEW
./Tier 1 - Core industry sources (FINOS, ISDA, ICMA, ISLA)/1. CDM Documentation/1. Non-Technical Documentation/isda/cdm-specific/Industry-Perspectives-on-the-ISDA-DRR-Unlocking-Efficiency-Accuracy-and-Strategic-Value.md|MD|1|CDM_TECHNICAL|INCLUDE|4|14|58|55|64|10|66|102|6|11|1058|S
./Tier 1 - Core industry sources (FINOS, ISDA, ICMA, ISLA)/1. CDM Documentation/1. Non-Technical Documentation/isda/cdm-specific/Digital-Asset-ISDA-CDM-Adoption-Press-Release.md|MD|1|CDM_TECHNICAL|INCLUDE||D
./Tier 1 - Core industry sources (FINOS, ISDA, ICMA, ISLA)/1. CDM Documentation/1. Non-Technical Documentation/isda/cdm-specific/Digital-Asset-ISDA-CDM-Adoption-Press-Release.pdf|PDF|1|CDM_TECHNICAL|INCLUDE|0|0|0|0|0|0|0|0|0|0|0|MANUAL_REVIEW
./Tier 1 - Core industry sources (FINOS, ISDA, ICMA, ISLA)/1. CDM Documentation/1. Non-Technical Documentation/isda/cdm-specific/Digital-Regulatory-Reporting-DRR-Fact-Sheet_042823.pdf|PDF|1|CDM_TECHNICAL|INCLUDE|0|0|0|0|0|0|0|0|0|0|0|MANUAL_REVIEW
./Tier 1 - Core industry sources (FINOS, ISDA, ICMA, ISLA)/1. CDM Documentation/1. Non-Technical Documentation/isda/cdm-specific/Digital-Regulatory-Reporting-Market-and-Regulatory-Initiatives.pdf|PDF|1|CDM_TECHNICAL|INCLUDE|0|0|0|0|0|0|0|0|0|0|0|MANUAL_REVIEW
./Tier 1 - Core industry sources (FINOS, ISDA, ICMA, ISLA)/1. CDM Documentation/1. Non-Technical Documentation/isda/cdm-specific/Digital-Regulatory-Reporting-Market-and-Regulatory-Initiatives.md|MD|1|CDM_TECHNICAL|INCLUDE||D
./Tier 1 - Core industry sources (FINOS, ISDA, ICMA, ISLA)/1. CDM Documentation/1. Non-Technical Documentation/isda/cdm-specific/CDM-Launch-Press-Release-FINAL.md|MD|1|CDM_TECHNICAL|INCLUDE||D
./Tier 1 - Core industry sources (FINOS, ISDA, ICMA, ISLA)/1. CDM Documentation/1. Non-Technical Documentation/isda/cdm-specific/Vermeg-Integrates-CDM-into-Colline-Collateral-Management-System.pdf|PDF|1|CDM_TECHNICAL|INCLUDE|0|0|0|0|0|0|0|0|0|0|0|MANUAL_REVIEW
./Tier 1 - Core industry sources (FINOS, ISDA, ICMA, ISLA)/1. CDM Documentation/1. Non-Technical Documentation/isda/cdm-specific/CDM-for-Collateral-Initiatives-factsheet-2024.md|MD|1|CDM_TECHNICAL|INCLUDE||D
./Tier 1 - Core industry sources (FINOS, ISDA, ICMA, ISLA)/1. CDM Documentation/1. Non-Technical Documentation/isda/cdm-specific/CDM-for-Collateral-Initiatives-factsheet-2024.pdf|PDF|1|CDM_TECHNICAL|INCLUDE|0|0|0|0|0|0|0|0|0|0|0|MANUAL_REVIEW
./Tier 1 - Core industry sources (FINOS, ISDA, ICMA, ISLA)/1. CDM Documentation/1. Non-Technical Documentation/isda/cdm-specific/ISDA-CDM-Factsheet.md|MD|1|CDM_TECHNICAL|INCLUDE||D
./Tier 1 - Core industry sources (FINOS, ISDA, ICMA, ISLA)/1. CDM Documentation/1. Non-Technical Documentation/isda/cdm-specific/Digital-Regulatory-Reporting-DRR-Fact-Sheet_042823.md|MD|1|CDM_TECHNICAL|INCLUDE||D
./Tier 1 - Core industry sources (FINOS, ISDA, ICMA, ISLA)/1. CDM Documentation/1. Non-Technical Documentation/isda/cdm-specific/Vermeg-Integrates-CDM-into-Colline-Collateral-Management-System.md|MD|1|CDM_TECHNICAL|INCLUDE||D
./Tier 1 - Core industry sources (FINOS, ISDA, ICMA, ISLA)/1. CDM Documentation/1. Non-Technical Documentation/isda/cdm-specific/Milestone-Update-for-the-Common-Domain-Model.md|MD|1|CDM_TECHNICAL|INCLUDE||D
./Tier 1 - Core industry sources (FINOS, ISDA, ICMA, ISLA)/1. CDM Documentation/1. Non-Technical Documentation/isda/cdm-specific/ISDA-CDM-Factsheet.pdf|PDF|1|CDM_TECHNICAL|INCLUDE|0|0|0|0|0|0|0|0|0|0|0|MANUAL_REVIEW
./Tier 1 - Core industry sources (FINOS, ISDA, ICMA, ISLA)/1. CDM Documentation/1. Non-Technical Documentation/isda/cdm-specific/CDM-Launch-Press-Release-FINAL.pdf|PDF|1|CDM_TECHNICAL|INCLUDE|0|0|0|0|0|0|0|0|0|0|0|MANUAL_REVIEW
./Tier 1 - Core industry sources (FINOS, ISDA, ICMA, ISLA)/1. CDM Documentation/1. Non-Technical Documentation/isda/cdm-specific/Milestone-Update-for-the-Common-Domain-Model.pdf|PDF|1|CDM_TECHNICAL|INCLUDE|0|0|0|0|0|0|0|0|0|0|0|MANUAL_REVIEW
./Tier 1 - Core industry sources (FINOS, ISDA, ICMA, ISLA)/1. CDM Documentation/1. Non-Technical Documentation/isla/ISLA-CDM-CONTENT-AUDIT.md|MD|1|CDM_TECHNICAL|INCLUDE||D
./Tier 1 - Core industry sources (FINOS, ISDA, ICMA, ISLA)/1. CDM Documentation/1. Non-Technical Documentation/isla/International-Securities-Lending-Association-ISLA.md|MD|1|CDM_TECHNICAL|INCLUDE||D
./Tier 1 - Core industry sources (FINOS, ISDA, ICMA, ISLA)/1. CDM Documentation/1. Non-Technical Documentation/isla/International-Securities-Lending-Association-ISLA.pdf|PDF|1|CDM_TECHNICAL|INCLUDE|0|0|0|0|0|0|0|0|0|0|0|MANUAL_REVIEW
./Tier 1 - Core industry sources (FINOS, ISDA, ICMA, ISLA)/1. CDM Documentation/1. Non-Technical Documentation/finos/CDM-Overview-Nov-9899760f2fd49d4d4aa1a456a78536c5.md|MD|1|CDM_TECHNICAL|INCLUDE|1|8|6|28|81|31|17|111|4|4|733|S
./Tier 1 - Core industry sources (FINOS, ISDA, ICMA, ISLA)/1. CDM Documentation/1. Non-Technical Documentation/finos/WORKING-GROUP-ACCESS-MATRIX.md|MD|1|CDM_TECHNICAL|INCLUDE||D
./Tier 1 - Core industry sources (FINOS, ISDA, ICMA, ISLA)/1. CDM Documentation/1. Non-Technical Documentation/finos/Accepted-FINOS-Edits_-Common-Domain-Model-into-Open-Source-at-FINOS.docx.md|MD|1|CDM_TECHNICAL|INCLUDE||D
./Tier 1 - Core industry sources (FINOS, ISDA, ICMA, ISLA)/1. CDM Documentation/1. Non-Technical Documentation/finos/Accepted-FINOS-Edits_-Common-Domain-Model-into-Open-Source-at-FINOS.docx.pdf|PDF|1|CDM_TECHNICAL|INCLUDE|0|0|0|0|0|0|0|0|0|0|0|MANUAL_REVIEW
./Tier 1 - Core industry sources (FINOS, ISDA, ICMA, ISLA)/1. CDM Documentation/1. Non-Technical Documentation/finos/FAQ-CDM.pdf|PDF|1|CDM_TECHNICAL|INCLUDE|0|0|0|0|0|0|0|0|0|0|0|MANUAL_REVIEW
./Tier 1 - Core industry sources (FINOS, ISDA, ICMA, ISLA)/1. CDM Documentation/1. Non-Technical Documentation/finos/Why-CDM.md|MD|1|CDM_TECHNICAL|INCLUDE||D
./Tier 1 - Core industry sources (FINOS, ISDA, ICMA, ISLA)/1. CDM Documentation/1. Non-Technical Documentation/finos/Why-CDM.pdf|PDF|1|CDM_TECHNICAL|INCLUDE|0|0|0|0|0|0|0|0|0|0|0|MANUAL_REVIEW
./Tier 1 - Core industry sources (FINOS, ISDA, ICMA, ISLA)/1. CDM Documentation/1. Non-Technical Documentation/finos/CDM-Overview-Nov-9899760f2fd49d4d4aa1a456a78536c5.pdf|PDF|1|CDM_TECHNICAL|INCLUDE|0|0|0|0|0|0|0|0|0|0|0|MANUAL_REVIEW
./Tier 1 - Core industry sources (FINOS, ISDA, ICMA, ISLA)/1. CDM Documentation/1. Non-Technical Documentation/finos/FAQ-CDM.md|MD|1|CDM_TECHNICAL|INCLUDE||D
./Tier 1 - Core industry sources (FINOS, ISDA, ICMA, ISLA)/1. CDM Documentation/2. Technical Documentation/finos-cdm/README.md|MD|1|CDM_TECHNICAL|INCLUDE||D
./Tier 1 - Core industry sources (FINOS, ISDA, ICMA, ISLA)/1. CDM Documentation/2. Technical Documentation/finos-cdm/RELEASE.md|MD|1|CDM_TECHNICAL|INCLUDE||D
./Tier 1 - Core industry sources (FINOS, ISDA, ICMA, ISLA)/1. CDM Documentation/2. Technical Documentation/finos-cdm/LICENSE.md|MD|1|CDM_TECHNICAL|LICENSE_FILE|0|0|0|0|0|0|0|0|0|0|0|EXCLUDED
./Tier 1 - Core industry sources (FINOS, ISDA, ICMA, ISLA)/1. CDM Documentation/2. Technical Documentation/finos-cdm/website/README.md|MD|1|CDM_TECHNICAL|INCLUDE||D
./Tier 1 - Core industry sources (FINOS, ISDA, ICMA, ISLA)/1. CDM Documentation/2. Technical Documentation/finos-cdm/website/versioned_docs/version-5.13.0/change-control-guidelines.md|MD|1|CDM_TECHNICAL|VERSIONED_DUPLICATE|0|0|0|0|0|0|0|0|0|0|0|EXCLUDED
./Tier 1 - Core industry sources (FINOS, ISDA, ICMA, ISLA)/1. CDM Documentation/2. Technical Documentation/finos-cdm/website/versioned_docs/version-5.13.0/links-template.md|MD|1|CDM_TECHNICAL|VERSIONED_DUPLICATE|0|0|0|0|0|0|0|0|0|0|0|EXCLUDED
./Tier 1 - Core industry sources (FINOS, ISDA, ICMA, ISLA)/1. CDM Documentation/2. Technical Documentation/finos-cdm/website/versioned_docs/version-5.13.0/maintenance-and-release.md|MD|1|CDM_TECHNICAL|VERSIONED_DUPLICATE|0|0|0|0|0|0|0|0|0|0|0|EXCLUDED
./Tier 1 - Core industry sources (FINOS, ISDA, ICMA, ISLA)/1. CDM Documentation/2. Technical Documentation/finos-cdm/website/versioned_docs/version-5.13.0/process-model.md|MD|1|CDM_TECHNICAL|VERSIONED_DUPLICATE|0|0|0|0|0|0|0|0|0|0|0|EXCLUDED
./Tier 1 - Core industry sources (FINOS, ISDA, ICMA, ISLA)/1. CDM Documentation/2. Technical Documentation/finos-cdm/website/versioned_docs/version-5.13.0/documentation-style-guide.md|MD|1|CDM_TECHNICAL|VERSIONED_DUPLICATE|0|0|0|0|0|0|0|0|0|0|0|EXCLUDED
./Tier 1 - Core industry sources (FINOS, ISDA, ICMA, ISLA)/1. CDM Documentation/2. Technical Documentation/finos-cdm/website/versioned_docs/version-5.13.0/development-approach.md|MD|1|CDM_TECHNICAL|VERSIONED_DUPLICATE|0|0|0|0|0|0|0|0|0|0|0|EXCLUDED
./Tier 1 - Core industry sources (FINOS, ISDA, ICMA, ISLA)/1. CDM Documentation/2. Technical Documentation/finos-cdm/website/versioned_docs/version-5.13.0/common-domain-model.md|MD|1|CDM_TECHNICAL|VERSIONED_DUPLICATE|0|0|0|0|0|0|0|0|0|0|0|EXCLUDED
./Tier 1 - Core industry sources (FINOS, ISDA, ICMA, ISLA)/1. CDM Documentation/2. Technical Documentation/finos-cdm/website/versioned_docs/version-5.13.0/major-release-scheduling-guidelines.md|MD|1|CDM_TECHNICAL|VERSIONED_DUPLICATE|0|0|0|0|0|0|0|0|0|0|0|EXCLUDED
./Tier 1 - Core industry sources (FINOS, ISDA, ICMA, ISLA)/1. CDM Documentation/2. Technical Documentation/finos-cdm/website/versioned_docs/version-5.13.0/cdm-materials.md|MD|1|CDM_TECHNICAL|VERSIONED_DUPLICATE|0|0|0|0|0|0|0|0|0|0|0|EXCLUDED
./Tier 1 - Core industry sources (FINOS, ISDA, ICMA, ISLA)/1. CDM Documentation/2. Technical Documentation/finos-cdm/website/versioned_docs/version-5.13.0/editing.md|MD|1|CDM_TECHNICAL|VERSIONED_DUPLICATE|0|0|0|0|0|0|0|0|0|0|0|EXCLUDED
./Tier 1 - Core industry sources (FINOS, ISDA, ICMA, ISLA)/1. CDM Documentation/2. Technical Documentation/finos-cdm/website/versioned_docs/version-5.13.0/get-involved.md|MD|1|CDM_TECHNICAL|VERSIONED_DUPLICATE|0|0|0|0|0|0|0|0|0|0|0|EXCLUDED
./Tier 1 - Core industry sources (FINOS, ISDA, ICMA, ISLA)/1. CDM Documentation/2. Technical Documentation/finos-cdm/website/versioned_docs/version-5.13.0/versioning.md|MD|1|CDM_TECHNICAL|VERSIONED_DUPLICATE|0|0|0|0|0|0|0|0|0|0|0|EXCLUDED
./Tier 1 - Core industry sources (FINOS, ISDA, ICMA, ISLA)/1. CDM Documentation/2. Technical Documentation/finos-cdm/website/versioned_docs/version-5.13.0/repurchase-agreement-representation.md|MD|1|CDM_TECHNICAL|VERSIONED_DUPLICATE|0|0|0|0|0|0|0|0|0|0|0|EXCLUDED
./Tier 1 - Core industry sources (FINOS, ISDA, ICMA, ISLA)/1. CDM Documentation/2. Technical Documentation/finos-cdm/website/versioned_docs/version-5.13.0/download.md|MD|1|CDM_TECHNICAL|VERSIONED_DUPLICATE|0|0|0|0|0|0|0|0|0|0|0|EXCLUDED
./Tier 1 - Core industry sources (FINOS, ISDA, ICMA, ISLA)/1. CDM Documentation/2. Technical Documentation/finos-cdm/website/versioned_docs/version-5.13.0/event-model.md|MD|1|CDM_TECHNICAL|VERSIONED_DUPLICATE|0|0|0|0|0|0|0|0|0|0|0|EXCLUDED
./Tier 1 - Core industry sources (FINOS, ISDA, ICMA, ISLA)/1. CDM Documentation/2. Technical Documentation/finos-cdm/website/versioned_docs/version-5.13.0/cdm-java-distribution.md|MD|1|CDM_TECHNICAL|VERSIONED_DUPLICATE|0|0|0|0|0|0|0|0|0|0|0|EXCLUDED
./Tier 1 - Core industry sources (FINOS, ISDA, ICMA, ISLA)/1. CDM Documentation/2. Technical Documentation/finos-cdm/website/versioned_docs/version-5.13.0/CDM-Collateral-WG.md|MD|1|CDM_TECHNICAL|VERSIONED_DUPLICATE|0|0|0|0|0|0|0|0|0|0|0|EXCLUDED
./Tier 1 - Core industry sources (FINOS, ISDA, ICMA, ISLA)/1. CDM Documentation/2. Technical Documentation/finos-cdm/website/versioned_docs/version-5.13.0/namespace.md|MD|1|CDM_TECHNICAL|VERSIONED_DUPLICATE|0|0|0|0|0|0|0|0|0|0|0|EXCLUDED
./Tier 1 - Core industry sources (FINOS, ISDA, ICMA, ISLA)/1. CDM Documentation/2. Technical Documentation/finos-cdm/website/versioned_docs/version-5.13.0/CDM-Physical-Risk-WG.md|MD|1|CDM_TECHNICAL|VERSIONED_DUPLICATE|0|0|0|0|0|0|0|0|0|0|0|EXCLUDED
./Tier 1 - Core industry sources (FINOS, ISDA, ICMA, ISLA)/1. CDM Documentation/2. Technical Documentation/finos-cdm/website/versioned_docs/version-5.13.0/working-groups.md|MD|1|CDM_TECHNICAL|VERSIONED_DUPLICATE|0|0|0|0|0|0|0|0|0|0|0|EXCLUDED
./Tier 1 - Core industry sources (FINOS, ISDA, ICMA, ISLA)/1. CDM Documentation/2. Technical Documentation/finos-cdm/website/versioned_docs/version-5.13.0/reference-data-model.md|MD|1|CDM_TECHNICAL|VERSIONED_DUPLICATE|0|0|0|0|0|0|0|0|0|0|0|EXCLUDED
./Tier 1 - Core industry sources (FINOS, ISDA, ICMA, ISLA)/1. CDM Documentation/2. Technical Documentation/finos-cdm/website/versioned_docs/version-5.13.0/dev-guidelines.md|MD|1|CDM_TECHNICAL|VERSIONED_DUPLICATE|0|0|0|0|0|0|0|0|0|0|0|EXCLUDED
./Tier 1 - Core industry sources (FINOS, ISDA, ICMA, ISLA)/1. CDM Documentation/2. Technical Documentation/finos-cdm/website/versioned_docs/version-5.13.0/CDM-Derivatives-WG.md|MD|1|CDM_TECHNICAL|VERSIONED_DUPLICATE|0|0|0|0|0|0|0|0|0|0|0|EXCLUDED
./Tier 1 - Core industry sources (FINOS, ISDA, ICMA, ISLA)/1. CDM Documentation/2. Technical Documentation/finos-cdm/website/versioned_docs/version-5.13.0/design-principles.md|MD|1|CDM_TECHNICAL|VERSIONED_DUPLICATE|0|0|0|0|0|0|0|0|0|0|0|EXCLUDED
./Tier 1 - Core industry sources (FINOS, ISDA, ICMA, ISLA)/1. CDM Documentation/2. Technical Documentation/finos-cdm/website/versioned_docs/version-5.13.0/training.md|MD|1|CDM_TECHNICAL|VERSIONED_DUPLICATE|0|0|0|0|0|0|0|0|0|0|0|EXCLUDED
./Tier 1 - Core industry sources (FINOS, ISDA, ICMA, ISLA)/1. CDM Documentation/2. Technical Documentation/finos-cdm/website/versioned_docs/version-5.13.0/CDM-Tokenized-Assets-WG.md|MD|1|CDM_TECHNICAL|VERSIONED_DUPLICATE|0|0|0|0|0|0|0|0|0|0|0|EXCLUDED
./Tier 1 - Core industry sources (FINOS, ISDA, ICMA, ISLA)/1. CDM Documentation/2. Technical Documentation/finos-cdm/website/versioned_docs/version-5.13.0/eligible-collateral-representation.md|MD|1|CDM_TECHNICAL|VERSIONED_DUPLICATE|0|0|0|0|0|0|0|0|0|0|0|EXCLUDED
./Tier 1 - Core industry sources (FINOS, ISDA, ICMA, ISLA)/1. CDM Documentation/2. Technical Documentation/finos-cdm/website/versioned_docs/version-5.13.0/CDM-Steering-WG.md|MD|1|CDM_TECHNICAL|VERSIONED_DUPLICATE|0|0|0|0|0|0|0|0|0|0|0|EXCLUDED
./Tier 1 - Core industry sources (FINOS, ISDA, ICMA, ISLA)/1. CDM Documentation/2. Technical Documentation/finos-cdm/website/versioned_docs/version-5.13.0/product-model.md|MD|1|CDM_TECHNICAL|VERSIONED_DUPLICATE|0|0|0|0|0|0|0|0|0|0|0|EXCLUDED
./Tier 1 - Core industry sources (FINOS, ISDA, ICMA, ISLA)/1. CDM Documentation/2. Technical Documentation/finos-cdm/website/versioned_docs/version-5.13.0/standardized-functions.md|MD|1|CDM_TECHNICAL|VERSIONED_DUPLICATE|0|0|0|0|0|0|0|0|0|0|0|EXCLUDED
./Tier 1 - Core industry sources (FINOS, ISDA, ICMA, ISLA)/1. CDM Documentation/2. Technical Documentation/finos-cdm/website/versioned_docs/version-5.13.0/governance.md|MD|1|CDM_TECHNICAL|VERSIONED_DUPLICATE|0|0|0|0|0|0|0|0|0|0|0|EXCLUDED
./Tier 1 - Core industry sources (FINOS, ISDA, ICMA, ISLA)/1. CDM Documentation/2. Technical Documentation/finos-cdm/website/versioned_docs/version-5.13.0/use-cases.md|MD|1|CDM_TECHNICAL|VERSIONED_DUPLICATE|0|0|0|0|0|0|0|0|0|0|0|EXCLUDED
./Tier 1 - Core industry sources (FINOS, ISDA, ICMA, ISLA)/1. CDM Documentation/2. Technical Documentation/finos-cdm/website/versioned_docs/version-5.13.0/maintainers.md|MD|1|CDM_TECHNICAL|VERSIONED_DUPLICATE|0|0|0|0|0|0|0|0|0|0|0|EXCLUDED
./Tier 1 - Core industry sources (FINOS, ISDA, ICMA, ISLA)/1. CDM Documentation/2. Technical Documentation/finos-cdm/website/versioned_docs/version-5.13.0/cdm-org-structure.md|MD|1|CDM_TECHNICAL|VERSIONED_DUPLICATE|0|0|0|0|0|0|0|0|0|0|0|EXCLUDED
./Tier 1 - Core industry sources (FINOS, ISDA, ICMA, ISLA)/1. CDM Documentation/2. Technical Documentation/finos-cdm/website/versioned_docs/version-5.13.0/pre-trade-processing.md|MD|1|CDM_TECHNICAL|VERSIONED_DUPLICATE|0|0|0|0|0|0|0|0|0|0|0|EXCLUDED
./Tier 1 - Core industry sources (FINOS, ISDA, ICMA, ISLA)/1. CDM Documentation/2. Technical Documentation/finos-cdm/website/versioned_docs/version-5.13.0/mapping.md|MD|1|CDM_TECHNICAL|VERSIONED_DUPLICATE|0|0|0|0|0|0|0|0|0|0|0|EXCLUDED
./Tier 1 - Core industry sources (FINOS, ISDA, ICMA, ISLA)/1. CDM Documentation/2. Technical Documentation/finos-cdm/website/versioned_docs/version-5.13.0/CDM-Technology-Architecture-WG.md|MD|1|CDM_TECHNICAL|VERSIONED_DUPLICATE|0|0|0|0|0|0|0|0|0|0|0|EXCLUDED
./Tier 1 - Core industry sources (FINOS, ISDA, ICMA, ISLA)/1. CDM Documentation/2. Technical Documentation/finos-cdm/website/versioned_docs/version-5.13.0/cdm-demos.md|MD|1|CDM_TECHNICAL|VERSIONED_DUPLICATE|0|0|0|0|0|0|0|0|0|0|0|EXCLUDED
./Tier 1 - Core industry sources (FINOS, ISDA, ICMA, ISLA)/1. CDM Documentation/2. Technical Documentation/finos-cdm/website/versioned_docs/version-5.13.0/CDM-Contribution-Review-WG.md|MD|1|CDM_TECHNICAL|VERSIONED_DUPLICATE|0|0|0|0|0|0|0|0|0|0|0|EXCLUDED
./Tier 1 - Core industry sources (FINOS, ISDA, ICMA, ISLA)/1. CDM Documentation/2. Technical Documentation/finos-cdm/website/versioned_docs/version-5.13.0/cdm-overview.md|MD|1|CDM_TECHNICAL|VERSIONED_DUPLICATE|0|0|0|0|0|0|0|0|0|0|0|EXCLUDED
./Tier 1 - Core industry sources (FINOS, ISDA, ICMA, ISLA)/1. CDM Documentation/2. Technical Documentation/finos-cdm/website/versioned_docs/version-5.13.0/securities-lending.md|MD|1|CDM_TECHNICAL|VERSIONED_DUPLICATE|0|0|0|0|0|0|0|0|0|0|0|EXCLUDED
./Tier 1 - Core industry sources (FINOS, ISDA, ICMA, ISLA)/1. CDM Documentation/2. Technical Documentation/finos-cdm/website/versioned_docs/version-5.13.0/legal-agreements.md|MD|1|CDM_TECHNICAL|VERSIONED_DUPLICATE|0|0|0|0|0|0|0|0|0|0|0|EXCLUDED
./Tier 1 - Core industry sources (FINOS, ISDA, ICMA, ISLA)/1. CDM Documentation/2. Technical Documentation/finos-cdm/website/versioned_docs/version-6.0.0/change-control-guidelines.md|MD|1|CDM_TECHNICAL|INCLUDE||D
./Tier 1 - Core industry sources (FINOS, ISDA, ICMA, ISLA)/1. CDM Documentation/2. Technical Documentation/finos-cdm/website/versioned_docs/version-6.0.0/links-template.md|MD|1|CDM_TECHNICAL|INCLUDE||D
./Tier 1 - Core industry sources (FINOS, ISDA, ICMA, ISLA)/1. CDM Documentation/2. Technical Documentation/finos-cdm/website/versioned_docs/version-6.0.0/maintenance-and-release.md|MD|1|CDM_TECHNICAL|INCLUDE||D
./Tier 1 - Core industry sources (FINOS, ISDA, ICMA, ISLA)/1. CDM Documentation/2. Technical Documentation/finos-cdm/website/versioned_docs/version-6.0.0/process-model.md|MD|1|CDM_TECHNICAL|INCLUDE||D
./Tier 1 - Core industry sources (FINOS, ISDA, ICMA, ISLA)/1. CDM Documentation/2. Technical Documentation/finos-cdm/website/versioned_docs/version-6.0.0/documentation-style-guide.md|MD|1|CDM_TECHNICAL|INCLUDE||D
./Tier 1 - Core industry sources (FINOS, ISDA, ICMA, ISLA)/1. CDM Documentation/2. Technical Documentation/finos-cdm/website/versioned_docs/version-6.0.0/development-approach.md|MD|1|CDM_TECHNICAL|INCLUDE||D
./Tier 1 - Core industry sources (FINOS, ISDA, ICMA, ISLA)/1. CDM Documentation/2. Technical Documentation/finos-cdm/website/versioned_docs/version-6.0.0/common-domain-model.md|MD|1|CDM_TECHNICAL|INCLUDE||D
./Tier 1 - Core industry sources (FINOS, ISDA, ICMA, ISLA)/1. CDM Documentation/2. Technical Documentation/finos-cdm/website/versioned_docs/version-6.0.0/major-release-scheduling-guidelines.md|MD|1|CDM_TECHNICAL|INCLUDE||D
./Tier 1 - Core industry sources (FINOS, ISDA, ICMA, ISLA)/1. CDM Documentation/2. Technical Documentation/finos-cdm/website/versioned_docs/version-6.0.0/cdm-materials.md|MD|1|CDM_TECHNICAL|INCLUDE||D
./Tier 1 - Core industry sources (FINOS, ISDA, ICMA, ISLA)/1. CDM Documentation/2. Technical Documentation/finos-cdm/website/versioned_docs/version-6.0.0/editing.md|MD|1|CDM_TECHNICAL|INCLUDE||D
./Tier 1 - Core industry sources (FINOS, ISDA, ICMA, ISLA)/1. CDM Documentation/2. Technical Documentation/finos-cdm/website/versioned_docs/version-6.0.0/get-involved.md|MD|1|CDM_TECHNICAL|INCLUDE||D
./Tier 1 - Core industry sources (FINOS, ISDA, ICMA, ISLA)/1. CDM Documentation/2. Technical Documentation/finos-cdm/website/versioned_docs/version-6.0.0/versioning.md|MD|1|CDM_TECHNICAL|INCLUDE||D
./Tier 1 - Core industry sources (FINOS, ISDA, ICMA, ISLA)/1. CDM Documentation/2. Technical Documentation/finos-cdm/website/versioned_docs/version-6.0.0/repurchase-agreement-representation.md|MD|1|CDM_TECHNICAL|INCLUDE||D
./Tier 1 - Core industry sources (FINOS, ISDA, ICMA, ISLA)/1. CDM Documentation/2. Technical Documentation/finos-cdm/website/versioned_docs/version-6.0.0/download.md|MD|1|CDM_TECHNICAL|INCLUDE||D
./Tier 1 - Core industry sources (FINOS, ISDA, ICMA, ISLA)/1. CDM Documentation/2. Technical Documentation/finos-cdm/website/versioned_docs/version-6.0.0/event-model.md|MD|1|CDM_TECHNICAL|INCLUDE||D
./Tier 1 - Core industry sources (FINOS, ISDA, ICMA, ISLA)/1. CDM Documentation/2. Technical Documentation/finos-cdm/website/versioned_docs/version-6.0.0/cdm-java-distribution.md|MD|1|CDM_TECHNICAL|INCLUDE||D
./Tier 1 - Core industry sources (FINOS, ISDA, ICMA, ISLA)/1. CDM Documentation/2. Technical Documentation/finos-cdm/website/versioned_docs/version-6.0.0/CDM-Collateral-WG.md|MD|1|CDM_TECHNICAL|INCLUDE||D
./Tier 1 - Core industry sources (FINOS, ISDA, ICMA, ISLA)/1. CDM Documentation/2. Technical Documentation/finos-cdm/website/versioned_docs/version-6.0.0/namespace.md|MD|1|CDM_TECHNICAL|INCLUDE||D
./Tier 1 - Core industry sources (FINOS, ISDA, ICMA, ISLA)/1. CDM Documentation/2. Technical Documentation/finos-cdm/website/versioned_docs/version-6.0.0/CDM-Physical-Risk-WG.md|MD|1|CDM_TECHNICAL|INCLUDE||D
./Tier 1 - Core industry sources (FINOS, ISDA, ICMA, ISLA)/1. CDM Documentation/2. Technical Documentation/finos-cdm/website/versioned_docs/version-6.0.0/working-groups.md|MD|1|CDM_TECHNICAL|INCLUDE||D
./Tier 1 - Core industry sources (FINOS, ISDA, ICMA, ISLA)/1. CDM Documentation/2. Technical Documentation/finos-cdm/website/versioned_docs/version-6.0.0/reference-data-model.md|MD|1|CDM_TECHNICAL|INCLUDE||D
./Tier 1 - Core industry sources (FINOS, ISDA, ICMA, ISLA)/1. CDM Documentation/2. Technical Documentation/finos-cdm/website/versioned_docs/version-6.0.0/dev-guidelines.md|MD|1|CDM_TECHNICAL|INCLUDE||D
./Tier 1 - Core industry sources (FINOS, ISDA, ICMA, ISLA)/1. CDM Documentation/2. Technical Documentation/finos-cdm/website/versioned_docs/version-6.0.0/CDM-Derivatives-WG.md|MD|1|CDM_TECHNICAL|INCLUDE||D
./Tier 1 - Core industry sources (FINOS, ISDA, ICMA, ISLA)/1. CDM Documentation/2. Technical Documentation/finos-cdm/website/versioned_docs/version-6.0.0/design-principles.md|MD|1|CDM_TECHNICAL|INCLUDE||D
./Tier 1 - Core industry sources (FINOS, ISDA, ICMA, ISLA)/1. CDM Documentation/2. Technical Documentation/finos-cdm/website/versioned_docs/version-6.0.0/training.md|MD|1|CDM_TECHNICAL|INCLUDE||D
./Tier 1 - Core industry sources (FINOS, ISDA, ICMA, ISLA)/1. CDM Documentation/2. Technical Documentation/finos-cdm/website/versioned_docs/version-6.0.0/CDM-Tokenized-Assets-WG.md|MD|1|CDM_TECHNICAL|INCLUDE||D
./Tier 1 - Core industry sources (FINOS, ISDA, ICMA, ISLA)/1. CDM Documentation/2. Technical Documentation/finos-cdm/website/versioned_docs/version-6.0.0/eligible-collateral-representation.md|MD|1|CDM_TECHNICAL|INCLUDE||D
./Tier 1 - Core industry sources (FINOS, ISDA, ICMA, ISLA)/1. CDM Documentation/2. Technical Documentation/finos-cdm/website/versioned_docs/version-6.0.0/CDM-Steering-WG.md|MD|1|CDM_TECHNICAL|INCLUDE||D
./Tier 1 - Core industry sources (FINOS, ISDA, ICMA, ISLA)/1. CDM Documentation/2. Technical Documentation/finos-cdm/website/versioned_docs/version-6.0.0/product-model.md|MD|1|CDM_TECHNICAL|INCLUDE||D
./Tier 1 - Core industry sources (FINOS, ISDA, ICMA, ISLA)/1. CDM Documentation/2. Technical Documentation/finos-cdm/website/versioned_docs/version-6.0.0/standardized-functions.md|MD|1|CDM_TECHNICAL|INCLUDE||D
./Tier 1 - Core industry sources (FINOS, ISDA, ICMA, ISLA)/1. CDM Documentation/2. Technical Documentation/finos-cdm/website/versioned_docs/version-6.0.0/governance.md|MD|1|CDM_TECHNICAL|INCLUDE||D
./Tier 1 - Core industry sources (FINOS, ISDA, ICMA, ISLA)/1. CDM Documentation/2. Technical Documentation/finos-cdm/website/versioned_docs/version-6.0.0/use-cases.md|MD|1|CDM_TECHNICAL|INCLUDE||D
./Tier 1 - Core industry sources (FINOS, ISDA, ICMA, ISLA)/1. CDM Documentation/2. Technical Documentation/finos-cdm/website/versioned_docs/version-6.0.0/maintainers.md|MD|1|CDM_TECHNICAL|INCLUDE||D
./Tier 1 - Core industry sources (FINOS, ISDA, ICMA, ISLA)/1. CDM Documentation/2. Technical Documentation/finos-cdm/website/versioned_docs/version-6.0.0/cdm-org-structure.md|MD|1|CDM_TECHNICAL|INCLUDE||D
./Tier 1 - Core industry sources (FINOS, ISDA, ICMA, ISLA)/1. CDM Documentation/2. Technical Documentation/finos-cdm/website/versioned_docs/version-6.0.0/pre-trade-processing.md|MD|1|CDM_TECHNICAL|INCLUDE||D
./Tier 1 - Core industry sources (FINOS, ISDA, ICMA, ISLA)/1. CDM Documentation/2. Technical Documentation/finos-cdm/website/versioned_docs/version-6.0.0/mapping.md|MD|1|CDM_TECHNICAL|INCLUDE||D
./Tier 1 - Core industry sources (FINOS, ISDA, ICMA, ISLA)/1. CDM Documentation/2. Technical Documentation/finos-cdm/website/versioned_docs/version-6.0.0/CDM-Technology-Architecture-WG.md|MD|1|CDM_TECHNICAL|INCLUDE||D
./Tier 1 - Core industry sources (FINOS, ISDA, ICMA, ISLA)/1. CDM Documentation/2. Technical Documentation/finos-cdm/website/versioned_docs/version-6.0.0/cdm-demos.md|MD|1|CDM_TECHNICAL|INCLUDE||D
./Tier 1 - Core industry sources (FINOS, ISDA, ICMA, ISLA)/1. CDM Documentation/2. Technical Documentation/finos-cdm/website/versioned_docs/version-6.0.0/CDM-Contribution-Review-WG.md|MD|1|CDM_TECHNICAL|INCLUDE||D
./Tier 1 - Core industry sources (FINOS, ISDA, ICMA, ISLA)/1. CDM Documentation/2. Technical Documentation/finos-cdm/website/versioned_docs/version-6.0.0/cdm-overview.md|MD|1|CDM_TECHNICAL|INCLUDE||D
./Tier 1 - Core industry sources (FINOS, ISDA, ICMA, ISLA)/1. CDM Documentation/2. Technical Documentation/finos-cdm/website/versioned_docs/version-6.0.0/securities-lending.md|MD|1|CDM_TECHNICAL|INCLUDE||D
./Tier 1 - Core industry sources (FINOS, ISDA, ICMA, ISLA)/1. CDM Documentation/2. Technical Documentation/finos-cdm/website/versioned_docs/version-6.0.0/legal-agreements.md|MD|1|CDM_TECHNICAL|INCLUDE||D
./Tier 1 - Core industry sources (FINOS, ISDA, ICMA, ISLA)/1. CDM Documentation/2. Technical Documentation/finos-cdm/website/versioned_docs/version-5.20.0/change-control-guidelines.md|MD|1|CDM_TECHNICAL|VERSIONED_DUPLICATE|0|0|0|0|0|0|0|0|0|0|0|EXCLUDED
./Tier 1 - Core industry sources (FINOS, ISDA, ICMA, ISLA)/1. CDM Documentation/2. Technical Documentation/finos-cdm/website/versioned_docs/version-5.20.0/links-template.md|MD|1|CDM_TECHNICAL|VERSIONED_DUPLICATE|0|0|0|0|0|0|0|0|0|0|0|EXCLUDED
./Tier 1 - Core industry sources (FINOS, ISDA, ICMA, ISLA)/1. CDM Documentation/2. Technical Documentation/finos-cdm/website/versioned_docs/version-5.20.0/maintenance-and-release.md|MD|1|CDM_TECHNICAL|VERSIONED_DUPLICATE|0|0|0|0|0|0|0|0|0|0|0|EXCLUDED
./Tier 1 - Core industry sources (FINOS, ISDA, ICMA, ISLA)/1. CDM Documentation/2. Technical Documentation/finos-cdm/website/versioned_docs/version-5.20.0/process-model.md|MD|1|CDM_TECHNICAL|VERSIONED_DUPLICATE|0|0|0|0|0|0|0|0|0|0|0|EXCLUDED
./Tier 1 - Core industry sources (FINOS, ISDA, ICMA, ISLA)/1. CDM Documentation/2. Technical Documentation/finos-cdm/website/versioned_docs/version-5.20.0/documentation-style-guide.md|MD|1|CDM_TECHNICAL|VERSIONED_DUPLICATE|0|0|0|0|0|0|0|0|0|0|0|EXCLUDED
./Tier 1 - Core industry sources (FINOS, ISDA, ICMA, ISLA)/1. CDM Documentation/2. Technical Documentation/finos-cdm/website/versioned_docs/version-5.20.0/development-approach.md|MD|1|CDM_TECHNICAL|VERSIONED_DUPLICATE|0|0|0|0|0|0|0|0|0|0|0|EXCLUDED
./Tier 1 - Core industry sources (FINOS, ISDA, ICMA, ISLA)/1. CDM Documentation/2. Technical Documentation/finos-cdm/website/versioned_docs/version-5.20.0/common-domain-model.md|MD|1|CDM_TECHNICAL|VERSIONED_DUPLICATE|0|0|0|0|0|0|0|0|0|0|0|EXCLUDED
./Tier 1 - Core industry sources (FINOS, ISDA, ICMA, ISLA)/1. CDM Documentation/2. Technical Documentation/finos-cdm/website/versioned_docs/version-5.20.0/major-release-scheduling-guidelines.md|MD|1|CDM_TECHNICAL|VERSIONED_DUPLICATE|0|0|0|0|0|0|0|0|0|0|0|EXCLUDED
./Tier 1 - Core industry sources (FINOS, ISDA, ICMA, ISLA)/1. CDM Documentation/2. Technical Documentation/finos-cdm/website/versioned_docs/version-5.20.0/cdm-materials.md|MD|1|CDM_TECHNICAL|VERSIONED_DUPLICATE|0|0|0|0|0|0|0|0|0|0|0|EXCLUDED
./Tier 1 - Core industry sources (FINOS, ISDA, ICMA, ISLA)/1. CDM Documentation/2. Technical Documentation/finos-cdm/website/versioned_docs/version-5.20.0/editing.md|MD|1|CDM_TECHNICAL|VERSIONED_DUPLICATE|0|0|0|0|0|0|0|0|0|0|0|EXCLUDED
./Tier 1 - Core industry sources (FINOS, ISDA, ICMA, ISLA)/1. CDM Documentation/2. Technical Documentation/finos-cdm/website/versioned_docs/version-5.20.0/get-involved.md|MD|1|CDM_TECHNICAL|VERSIONED_DUPLICATE|0|0|0|0|0|0|0|0|0|0|0|EXCLUDED
./Tier 1 - Core industry sources (FINOS, ISDA, ICMA, ISLA)/1. CDM Documentation/2. Technical Documentation/finos-cdm/website/versioned_docs/version-5.20.0/versioning.md|MD|1|CDM_TECHNICAL|VERSIONED_DUPLICATE|0|0|0|0|0|0|0|0|0|0|0|EXCLUDED
./Tier 1 - Core industry sources (FINOS, ISDA, ICMA, ISLA)/1. CDM Documentation/2. Technical Documentation/finos-cdm/website/versioned_docs/version-5.20.0/repurchase-agreement-representation.md|MD|1|CDM_TECHNICAL|VERSIONED_DUPLICATE|0|0|0|0|0|0|0|0|0|0|0|EXCLUDED
./Tier 1 - Core industry sources (FINOS, ISDA, ICMA, ISLA)/1. CDM Documentation/2. Technical Documentation/finos-cdm/website/versioned_docs/version-5.20.0/download.md|MD|1|CDM_TECHNICAL|VERSIONED_DUPLICATE|0|0|0|0|0|0|0|0|0|0|0|EXCLUDED
./Tier 1 - Core industry sources (FINOS, ISDA, ICMA, ISLA)/1. CDM Documentation/2. Technical Documentation/finos-cdm/website/versioned_docs/version-5.20.0/event-model.md|MD|1|CDM_TECHNICAL|VERSIONED_DUPLICATE|0|0|0|0|0|0|0|0|0|0|0|EXCLUDED
./Tier 1 - Core industry sources (FINOS, ISDA, ICMA, ISLA)/1. CDM Documentation/2. Technical Documentation/finos-cdm/website/versioned_docs/version-5.20.0/cdm-java-distribution.md|MD|1|CDM_TECHNICAL|VERSIONED_DUPLICATE|0|0|0|0|0|0|0|0|0|0|0|EXCLUDED
./Tier 1 - Core industry sources (FINOS, ISDA, ICMA, ISLA)/1. CDM Documentation/2. Technical Documentation/finos-cdm/website/versioned_docs/version-5.20.0/CDM-Collateral-WG.md|MD|1|CDM_TECHNICAL|VERSIONED_DUPLICATE|0|0|0|0|0|0|0|0|0|0|0|EXCLUDED
./Tier 1 - Core industry sources (FINOS, ISDA, ICMA, ISLA)/1. CDM Documentation/2. Technical Documentation/finos-cdm/website/versioned_docs/version-5.20.0/namespace.md|MD|1|CDM_TECHNICAL|VERSIONED_DUPLICATE|0|0|0|0|0|0|0|0|0|0|0|EXCLUDED
./Tier 1 - Core industry sources (FINOS, ISDA, ICMA, ISLA)/1. CDM Documentation/2. Technical Documentation/finos-cdm/website/versioned_docs/version-5.20.0/CDM-Physical-Risk-WG.md|MD|1|CDM_TECHNICAL|VERSIONED_DUPLICATE|0|0|0|0|0|0|0|0|0|0|0|EXCLUDED
./Tier 1 - Core industry sources (FINOS, ISDA, ICMA, ISLA)/1. CDM Documentation/2. Technical Documentation/finos-cdm/website/versioned_docs/version-5.20.0/working-groups.md|MD|1|CDM_TECHNICAL|VERSIONED_DUPLICATE|0|0|0|0|0|0|0|0|0|0|0|EXCLUDED
./Tier 1 - Core industry sources (FINOS, ISDA, ICMA, ISLA)/1. CDM Documentation/2. Technical Documentation/finos-cdm/website/versioned_docs/version-5.20.0/reference-data-model.md|MD|1|CDM_TECHNICAL|VERSIONED_DUPLICATE|0|0|0|0|0|0|0|0|0|0|0|EXCLUDED
./Tier 1 - Core industry sources (FINOS, ISDA, ICMA, ISLA)/1. CDM Documentation/2. Technical Documentation/finos-cdm/website/versioned_docs/version-5.20.0/dev-guidelines.md|MD|1|CDM_TECHNICAL|VERSIONED_DUPLICATE|0|0|0|0|0|0|0|0|0|0|0|EXCLUDED
./Tier 1 - Core industry sources (FINOS, ISDA, ICMA, ISLA)/1. CDM Documentation/2. Technical Documentation/finos-cdm/website/versioned_docs/version-5.20.0/CDM-Derivatives-WG.md|MD|1|CDM_TECHNICAL|VERSIONED_DUPLICATE|0|0|0|0|0|0|0|0|0|0|0|EXCLUDED
./Tier 1 - Core industry sources (FINOS, ISDA, ICMA, ISLA)/1. CDM Documentation/2. Technical Documentation/finos-cdm/website/versioned_docs/version-5.20.0/design-principles.md|MD|1|CDM_TECHNICAL|VERSIONED_DUPLICATE|0|0|0|0|0|0|0|0|0|0|0|EXCLUDED
./Tier 1 - Core industry sources (FINOS, ISDA, ICMA, ISLA)/1. CDM Documentation/2. Technical Documentation/finos-cdm/website/versioned_docs/version-5.20.0/training.md|MD|1|CDM_TECHNICAL|VERSIONED_DUPLICATE|0|0|0|0|0|0|0|0|0|0|0|EXCLUDED
./Tier 1 - Core industry sources (FINOS, ISDA, ICMA, ISLA)/1. CDM Documentation/2. Technical Documentation/finos-cdm/website/versioned_docs/version-5.20.0/CDM-Tokenized-Assets-WG.md|MD|1|CDM_TECHNICAL|VERSIONED_DUPLICATE|0|0|0|0|0|0|0|0|0|0|0|EXCLUDED
./Tier 1 - Core industry sources (FINOS, ISDA, ICMA, ISLA)/1. CDM Documentation/2. Technical Documentation/finos-cdm/website/versioned_docs/version-5.20.0/eligible-collateral-representation.md|MD|1|CDM_TECHNICAL|VERSIONED_DUPLICATE|0|0|0|0|0|0|0|0|0|0|0|EXCLUDED
./Tier 1 - Core industry sources (FINOS, ISDA, ICMA, ISLA)/1. CDM Documentation/2. Technical Documentation/finos-cdm/website/versioned_docs/version-5.20.0/CDM-Steering-WG.md|MD|1|CDM_TECHNICAL|VERSIONED_DUPLICATE|0|0|0|0|0|0|0|0|0|0|0|EXCLUDED
./Tier 1 - Core industry sources (FINOS, ISDA, ICMA, ISLA)/1. CDM Documentation/2. Technical Documentation/finos-cdm/website/versioned_docs/version-5.20.0/product-model.md|MD|1|CDM_TECHNICAL|VERSIONED_DUPLICATE|0|0|0|0|0|0|0|0|0|0|0|EXCLUDED
./Tier 1 - Core industry sources (FINOS, ISDA, ICMA, ISLA)/1. CDM Documentation/2. Technical Documentation/finos-cdm/website/versioned_docs/version-5.20.0/standardized-functions.md|MD|1|CDM_TECHNICAL|VERSIONED_DUPLICATE|0|0|0|0|0|0|0|0|0|0|0|EXCLUDED
./Tier 1 - Core industry sources (FINOS, ISDA, ICMA, ISLA)/1. CDM Documentation/2. Technical Documentation/finos-cdm/website/versioned_docs/version-5.20.0/governance.md|MD|1|CDM_TECHNICAL|VERSIONED_DUPLICATE|0|0|0|0|0|0|0|0|0|0|0|EXCLUDED
./Tier 1 - Core industry sources (FINOS, ISDA, ICMA, ISLA)/1. CDM Documentation/2. Technical Documentation/finos-cdm/website/versioned_docs/version-5.20.0/use-cases.md|MD|1|CDM_TECHNICAL|VERSIONED_DUPLICATE|0|0|0|0|0|0|0|0|0|0|0|EXCLUDED
./Tier 1 - Core industry sources (FINOS, ISDA, ICMA, ISLA)/1. CDM Documentation/2. Technical Documentation/finos-cdm/website/versioned_docs/version-5.20.0/maintainers.md|MD|1|CDM_TECHNICAL|VERSIONED_DUPLICATE|0|0|0|0|0|0|0|0|0|0|0|EXCLUDED
./Tier 1 - Core industry sources (FINOS, ISDA, ICMA, ISLA)/1. CDM Documentation/2. Technical Documentation/finos-cdm/website/versioned_docs/version-5.20.0/cdm-org-structure.md|MD|1|CDM_TECHNICAL|VERSIONED_DUPLICATE|0|0|0|0|0|0|0|0|0|0|0|EXCLUDED
./Tier 1 - Core industry sources (FINOS, ISDA, ICMA, ISLA)/1. CDM Documentation/2. Technical Documentation/finos-cdm/website/versioned_docs/version-5.20.0/pre-trade-processing.md|MD|1|CDM_TECHNICAL|VERSIONED_DUPLICATE|0|0|0|0|0|0|0|0|0|0|0|EXCLUDED
./Tier 1 - Core industry sources (FINOS, ISDA, ICMA, ISLA)/1. CDM Documentation/2. Technical Documentation/finos-cdm/website/versioned_docs/version-5.20.0/mapping.md|MD|1|CDM_TECHNICAL|VERSIONED_DUPLICATE|0|0|0|0|0|0|0|0|0|0|0|EXCLUDED
./Tier 1 - Core industry sources (FINOS, ISDA, ICMA, ISLA)/1. CDM Documentation/2. Technical Documentation/finos-cdm/website/versioned_docs/version-5.20.0/CDM-Technology-Architecture-WG.md|MD|1|CDM_TECHNICAL|VERSIONED_DUPLICATE|0|0|0|0|0|0|0|0|0|0|0|EXCLUDED
./Tier 1 - Core industry sources (FINOS, ISDA, ICMA, ISLA)/1. CDM Documentation/2. Technical Documentation/finos-cdm/website/versioned_docs/version-5.20.0/cdm-demos.md|MD|1|CDM_TECHNICAL|VERSIONED_DUPLICATE|0|0|0|0|0|0|0|0|0|0|0|EXCLUDED
./Tier 1 - Core industry sources (FINOS, ISDA, ICMA, ISLA)/1. CDM Documentation/2. Technical Documentation/finos-cdm/website/versioned_docs/version-5.20.0/CDM-Contribution-Review-WG.md|MD|1|CDM_TECHNICAL|VERSIONED_DUPLICATE|0|0|0|0|0|0|0|0|0|0|0|EXCLUDED
./Tier 1 - Core industry sources (FINOS, ISDA, ICMA, ISLA)/1. CDM Documentation/2. Technical Documentation/finos-cdm/website/versioned_docs/version-5.20.0/cdm-overview.md|MD|1|CDM_TECHNICAL|VERSIONED_DUPLICATE|0|0|0|0|0|0|0|0|0|0|0|EXCLUDED
./Tier 1 - Core industry sources (FINOS, ISDA, ICMA, ISLA)/1. CDM Documentation/2. Technical Documentation/finos-cdm/website/versioned_docs/version-5.20.0/securities-lending.md|MD|1|CDM_TECHNICAL|VERSIONED_DUPLICATE|0|0|0|0|0|0|0|0|0|0|0|EXCLUDED
./Tier 1 - Core industry sources (FINOS, ISDA, ICMA, ISLA)/1. CDM Documentation/2. Technical Documentation/finos-cdm/website/versioned_docs/version-5.20.0/legal-agreements.md|MD|1|CDM_TECHNICAL|VERSIONED_DUPLICATE|0|0|0|0|0|0|0|0|0|0|0|EXCLUDED
./Tier 1 - Core industry sources (FINOS, ISDA, ICMA, ISLA)/1. CDM Documentation/2. Technical Documentation/finos-cdm/website/static/img/cdm-logo/2022_CDM_Logo.pdf|PDF|1|CDM_TECHNICAL|ASSET_FILE|0|0|0|0|0|0|0|0|0|0|0|EXCLUDED
./Tier 1 - Core industry sources (FINOS, ISDA, ICMA, ISLA)/1. CDM Documentation/2. Technical Documentation/finos-cdm/website/static/img/cdm-logo/2022_CDM_Logo.md|MD|1|CDM_TECHNICAL|ASSET_FILE|0|0|0|0|0|0|0|0|0|0|0|EXCLUDED
./Tier 1 - Core industry sources (FINOS, ISDA, ICMA, ISLA)/1. CDM Documentation/2. Technical Documentation/finos-cdm/website/static/pdfs/CDM.Technology.Architecture.WG.ToR.v1.pdf|PDF|1|CDM_TECHNICAL|INCLUDE|0|0|0|0|0|0|0|0|0|0|0|MANUAL_REVIEW
./Tier 1 - Core industry sources (FINOS, ISDA, ICMA, ISLA)/1. CDM Documentation/2. Technical Documentation/finos-cdm/website/static/pdfs/Why_CDM_ .pdf|PDF|1|CDM_TECHNICAL|INCLUDE|0|0|0|0|0|0|0|0|0|0|0|MANUAL_REVIEW
./Tier 1 - Core industry sources (FINOS, ISDA, ICMA, ISLA)/1. CDM Documentation/2. Technical Documentation/finos-cdm/website/static/pdfs/CDM.Technology.Architecture.WG.ToR.v1.md|MD|1|CDM_TECHNICAL|INCLUDE||D
./Tier 1 - Core industry sources (FINOS, ISDA, ICMA, ISLA)/1. CDM Documentation/2. Technical Documentation/finos-cdm/website/static/pdfs/CDM-Overview.pptx.md|MD|1|CDM_TECHNICAL|INCLUDE||D
./Tier 1 - Core industry sources (FINOS, ISDA, ICMA, ISLA)/1. CDM Documentation/2. Technical Documentation/finos-cdm/website/static/pdfs/CDM.Collateral.WG.Book.of.Work.May.2023.pdf|PDF|1|CDM_TECHNICAL|INCLUDE|0|0|0|0|0|0|0|0|0|0|0|MANUAL_REVIEW
./Tier 1 - Core industry sources (FINOS, ISDA, ICMA, ISLA)/1. CDM Documentation/2. Technical Documentation/finos-cdm/website/static/pdfs/CDM-Overview-Nov.md|MD|1|CDM_TECHNICAL|INCLUDE|1|8|6|28|81|31|17|111|4|4|733|S
./Tier 1 - Core industry sources (FINOS, ISDA, ICMA, ISLA)/1. CDM Documentation/2. Technical Documentation/finos-cdm/website/static/pdfs/CDM-Overview.pptx.pdf|PDF|1|CDM_TECHNICAL|INCLUDE|0|0|0|0|0|0|0|0|0|0|0|MANUAL_REVIEW
./Tier 1 - Core industry sources (FINOS, ISDA, ICMA, ISLA)/1. CDM Documentation/2. Technical Documentation/finos-cdm/website/static/pdfs/CDM.Contribution.Review.Working.Group.Terms.of.Reference.md|MD|1|CDM_TECHNICAL|INCLUDE||D
./Tier 1 - Core industry sources (FINOS, ISDA, ICMA, ISLA)/1. CDM Documentation/2. Technical Documentation/finos-cdm/website/static/pdfs/FAQ-CDM.pdf|PDF|1|CDM_TECHNICAL|INCLUDE|0|0|0|0|0|0|0|0|0|0|0|MANUAL_REVIEW
./Tier 1 - Core industry sources (FINOS, ISDA, ICMA, ISLA)/1. CDM Documentation/2. Technical Documentation/finos-cdm/website/static/pdfs/CDM.Contribution.Review.Working.Group.Terms.of.Reference.pdf|PDF|1|CDM_TECHNICAL|INCLUDE|0|0|0|0|0|0|0|0|0|0|0|MANUAL_REVIEW
./Tier 1 - Core industry sources (FINOS, ISDA, ICMA, ISLA)/1. CDM Documentation/2. Technical Documentation/finos-cdm/website/static/pdfs/Why_CDM_ .md|MD|1|CDM_TECHNICAL|INCLUDE||D
./Tier 1 - Core industry sources (FINOS, ISDA, ICMA, ISLA)/1. CDM Documentation/2. Technical Documentation/finos-cdm/website/static/pdfs/Why-CDM.md|MD|1|CDM_TECHNICAL|INCLUDE||D
./Tier 1 - Core industry sources (FINOS, ISDA, ICMA, ISLA)/1. CDM Documentation/2. Technical Documentation/finos-cdm/website/static/pdfs/Why-CDM.pdf|PDF|1|CDM_TECHNICAL|INCLUDE|0|0|0|0|0|0|0|0|0|0|0|MANUAL_REVIEW
./Tier 1 - Core industry sources (FINOS, ISDA, ICMA, ISLA)/1. CDM Documentation/2. Technical Documentation/finos-cdm/website/static/pdfs/FAQ-CDM.md|MD|1|CDM_TECHNICAL|INCLUDE||D
./Tier 1 - Core industry sources (FINOS, ISDA, ICMA, ISLA)/1. CDM Documentation/2. Technical Documentation/finos-cdm/website/static/pdfs/CDM-Overview-Nov.pdf|PDF|1|CDM_TECHNICAL|INCLUDE|0|0|0|0|0|0|0|0|0|0|0|MANUAL_REVIEW
./Tier 1 - Core industry sources (FINOS, ISDA, ICMA, ISLA)/1. CDM Documentation/2. Technical Documentation/finos-cdm/website/static/pdfs/CDM.Collateral.WG.Book.of.Work.May.2023.md|MD|1|CDM_TECHNICAL|INCLUDE||D
./Tier 1 - Core industry sources (FINOS, ISDA, ICMA, ISLA)/1. CDM Documentation/2. Technical Documentation/finos-cdm/examples/README.md|MD|1|CDM_TECHNICAL|INCLUDE||D
./Tier 1 - Core industry sources (FINOS, ISDA, ICMA, ISLA)/1. CDM Documentation/2. Technical Documentation/finos-cdm/Participants.md|MD|1|CDM_TECHNICAL|INCLUDE||D
./Tier 1 - Core industry sources (FINOS, ISDA, ICMA, ISLA)/1. CDM Documentation/2. Technical Documentation/finos-cdm/NOTICE.md|MD|1|CDM_TECHNICAL|LICENSE_FILE|0|0|0|0|0|0|0|0|0|0|0|EXCLUDED
./Tier 1 - Core industry sources (FINOS, ISDA, ICMA, ISLA)/1. CDM Documentation/2. Technical Documentation/finos-cdm/GOVERNANCE.md|MD|1|CDM_TECHNICAL|INCLUDE||D
./Tier 1 - Core industry sources (FINOS, ISDA, ICMA, ISLA)/1. CDM Documentation/2. Technical Documentation/finos-cdm/rosetta-source/src/main/resources/functions/sec-lending/execution/execution-noncash-portfolio.md|MD|1|CDM_TECHNICAL|INCLUDE||D
./Tier 1 - Core industry sources (FINOS, ISDA, ICMA, ISLA)/1. CDM Documentation/2. Technical Documentation/finos-cdm/rosetta-source/src/main/resources/functions/sec-lending/execution/execution-cash.md|MD|1|CDM_TECHNICAL|INCLUDE||D
./Tier 1 - Core industry sources (FINOS, ISDA, ICMA, ISLA)/1. CDM Documentation/2. Technical Documentation/finos-cdm/rosetta-source/src/main/resources/functions/sec-lending/execution/execution-cash-benchmark.md|MD|1|CDM_TECHNICAL|INCLUDE||D
./Tier 1 - Core industry sources (FINOS, ISDA, ICMA, ISLA)/1. CDM Documentation/2. Technical Documentation/finos-cdm/rosetta-source/src/main/resources/functions/sec-lending/allocation/allocation-sec-lending-func.md|MD|1|CDM_TECHNICAL|INCLUDE||D
./Tier 1 - Core industry sources (FINOS, ISDA, ICMA, ISLA)/1. CDM Documentation/2. Technical Documentation/finos-cdm/rosetta-source/src/main/resources/functions/sec-lending/create-security-lending-invoice-func.md|MD|1|CDM_TECHNICAL|INCLUDE||D
./Tier 1 - Core industry sources (FINOS, ISDA, ICMA, ISLA)/1. CDM Documentation/2. Technical Documentation/finos-cdm/rosetta-source/src/main/resources/functions/sec-lending/full-return-settlement-workflow-func.md|MD|1|CDM_TECHNICAL|INCLUDE||D
./Tier 1 - Core industry sources (FINOS, ISDA, ICMA, ISLA)/1. CDM Documentation/2. Technical Documentation/finos-cdm/rosetta-source/src/main/resources/functions/sec-lending/new-settlement-workflow-func.md|MD|1|CDM_TECHNICAL|INCLUDE||D
./Tier 1 - Core industry sources (FINOS, ISDA, ICMA, ISLA)/1. CDM Documentation/2. Technical Documentation/finos-cdm/rosetta-source/src/main/resources/functions/sec-lending/part-return-settlement-workflow-func.md|MD|1|CDM_TECHNICAL|INCLUDE||D
./Tier 1 - Core industry sources (FINOS, ISDA, ICMA, ISLA)/1. CDM Documentation/2. Technical Documentation/finos-cdm/rosetta-source/src/main/resources/functions/sec-lending/reallocation/reallocation-pre-settled-func.md|MD|1|CDM_TECHNICAL|INCLUDE||D
./Tier 1 - Core industry sources (FINOS, ISDA, ICMA, ISLA)/1. CDM Documentation/2. Technical Documentation/finos-cdm/rosetta-source/src/main/resources/functions/business-event/clearing/clearing-func.md|MD|1|CDM_TECHNICAL|INCLUDE||D
./Tier 1 - Core industry sources (FINOS, ISDA, ICMA, ISLA)/1. CDM Documentation/2. Technical Documentation/finos-cdm/rosetta-source/src/main/resources/functions/business-event/exercise/exercise-partial-exercise-func.md|MD|1|CDM_TECHNICAL|INCLUDE||D
./Tier 1 - Core industry sources (FINOS, ISDA, ICMA, ISLA)/1. CDM Documentation/2. Technical Documentation/finos-cdm/rosetta-source/src/main/resources/functions/business-event/exercise/exercise-cancellable-option-func.md|MD|1|CDM_TECHNICAL|INCLUDE||D
./Tier 1 - Core industry sources (FINOS, ISDA, ICMA, ISLA)/1. CDM Documentation/2. Technical Documentation/finos-cdm/rosetta-source/src/main/resources/functions/business-event/exercise/exercise-cash-settled-func.md|MD|1|CDM_TECHNICAL|INCLUDE||D
./Tier 1 - Core industry sources (FINOS, ISDA, ICMA, ISLA)/1. CDM Documentation/2. Technical Documentation/finos-cdm/rosetta-source/src/main/resources/functions/business-event/stock-split/stock-split-equity-swap-func.md|MD|1|CDM_TECHNICAL|INCLUDE||D
./Tier 1 - Core industry sources (FINOS, ISDA, ICMA, ISLA)/1. CDM Documentation/2. Technical Documentation/finos-cdm/rosetta-source/src/main/resources/functions/business-event/execution/execution-fx-forward-func.md|MD|1|CDM_TECHNICAL|INCLUDE||D
./Tier 1 - Core industry sources (FINOS, ISDA, ICMA, ISLA)/1. CDM Documentation/2. Technical Documentation/finos-cdm/rosetta-source/src/main/resources/functions/business-event/execution/execution-ir-swap-func.md|MD|1|CDM_TECHNICAL|INCLUDE||D
./Tier 1 - Core industry sources (FINOS, ISDA, ICMA, ISLA)/1. CDM Documentation/2. Technical Documentation/finos-cdm/rosetta-source/src/main/resources/functions/business-event/execution/execution-ir-swap-with-fee-func.md|MD|1|CDM_TECHNICAL|INCLUDE||D
./Tier 1 - Core industry sources (FINOS, ISDA, ICMA, ISLA)/1. CDM Documentation/2. Technical Documentation/finos-cdm/rosetta-source/src/main/resources/functions/business-event/execution/execution-ir-swap-with-other-party-payment-func.md|MD|1|CDM_TECHNICAL|INCLUDE||D
./Tier 1 - Core industry sources (FINOS, ISDA, ICMA, ISLA)/1. CDM Documentation/2. Technical Documentation/finos-cdm/rosetta-source/src/main/resources/functions/business-event/execution/execution-swaption-func.md|MD|1|CDM_TECHNICAL|INCLUDE||D
./Tier 1 - Core industry sources (FINOS, ISDA, ICMA, ISLA)/1. CDM Documentation/2. Technical Documentation/finos-cdm/rosetta-source/src/main/resources/functions/business-event/execution/execution-fra-func.md|MD|1|CDM_TECHNICAL|INCLUDE||D
./Tier 1 - Core industry sources (FINOS, ISDA, ICMA, ISLA)/1. CDM Documentation/2. Technical Documentation/finos-cdm/rosetta-source/src/main/resources/functions/business-event/execution/execution-ois-swap-func.md|MD|1|CDM_TECHNICAL|INCLUDE||D
./Tier 1 - Core industry sources (FINOS, ISDA, ICMA, ISLA)/1. CDM Documentation/2. Technical Documentation/finos-cdm/rosetta-source/src/main/resources/functions/business-event/execution/execution-credit-default-swap-func.md|MD|1|CDM_TECHNICAL|INCLUDE||D
./Tier 1 - Core industry sources (FINOS, ISDA, ICMA, ISLA)/1. CDM Documentation/2. Technical Documentation/finos-cdm/rosetta-source/src/main/resources/functions/business-event/execution/execution-basis-swap-func.md|MD|1|CDM_TECHNICAL|INCLUDE||D
./Tier 1 - Core industry sources (FINOS, ISDA, ICMA, ISLA)/1. CDM Documentation/2. Technical Documentation/finos-cdm/rosetta-source/src/main/resources/functions/business-event/corporate-actions/corporate-actions-func.md|MD|1|CDM_TECHNICAL|INCLUDE||D
./Tier 1 - Core industry sources (FINOS, ISDA, ICMA, ISLA)/1. CDM Documentation/2. Technical Documentation/finos-cdm/rosetta-source/src/main/resources/functions/business-event/corporate-actions/corporate-actions-obs-func.md|MD|1|CDM_TECHNICAL|INCLUDE||D
./Tier 1 - Core industry sources (FINOS, ISDA, ICMA, ISLA)/1. CDM Documentation/2. Technical Documentation/finos-cdm/rosetta-source/src/main/resources/functions/business-event/allocation/allocation-func.md|MD|1|CDM_TECHNICAL|INCLUDE||D
./Tier 1 - Core industry sources (FINOS, ISDA, ICMA, ISLA)/1. CDM Documentation/2. Technical Documentation/finos-cdm/rosetta-source/src/main/resources/functions/business-event/novation/full-novation-func.md|MD|1|CDM_TECHNICAL|INCLUDE||D
./Tier 1 - Core industry sources (FINOS, ISDA, ICMA, ISLA)/1. CDM Documentation/2. Technical Documentation/finos-cdm/rosetta-source/src/main/resources/functions/business-event/novation/partial-novation-func.md|MD|1|CDM_TECHNICAL|INCLUDE||D
./Tier 1 - Core industry sources (FINOS, ISDA, ICMA, ISLA)/1. CDM Documentation/2. Technical Documentation/finos-cdm/rosetta-source/src/main/resources/functions/business-event/quantity-change/full-termination-vanilla-swap-func.md|MD|1|CDM_TECHNICAL|INCLUDE||D
./Tier 1 - Core industry sources (FINOS, ISDA, ICMA, ISLA)/1. CDM Documentation/2. Technical Documentation/finos-cdm/rosetta-source/src/main/resources/functions/business-event/quantity-change/partial-termination-vanilla-swap-func.md|MD|1|CDM_TECHNICAL|INCLUDE||D
./Tier 1 - Core industry sources (FINOS, ISDA, ICMA, ISLA)/1. CDM Documentation/2. Technical Documentation/finos-cdm/rosetta-source/src/main/resources/functions/business-event/quantity-change/increase-equity-swap-func.md|MD|1|CDM_TECHNICAL|INCLUDE||D
./Tier 1 - Core industry sources (FINOS, ISDA, ICMA, ISLA)/1. CDM Documentation/2. Technical Documentation/finos-cdm/rosetta-source/src/main/resources/functions/business-event/quantity-change/partial-termination-equity-swap-func.md|MD|1|CDM_TECHNICAL|INCLUDE||D
./Tier 1 - Core industry sources (FINOS, ISDA, ICMA, ISLA)/1. CDM Documentation/2. Technical Documentation/finos-cdm/rosetta-source/src/main/resources/functions/business-event/quantity-change/increase-equity-swap-existing-trade-lot-func.md|MD|1|CDM_TECHNICAL|INCLUDE||D
./Tier 1 - Core industry sources (FINOS, ISDA, ICMA, ISLA)/1. CDM Documentation/2. Technical Documentation/finos-cdm/rosetta-source/src/main/resources/functions/business-event/quantity-change/full-termination-equity-swap-func.md|MD|1|CDM_TECHNICAL|INCLUDE||D
./Tier 1 - Core industry sources (FINOS, ISDA, ICMA, ISLA)/1. CDM Documentation/2. Technical Documentation/finos-cdm/rosetta-source/src/main/resources/functions/business-event/index-transition/index-transition-xccy-swap-func.md|MD|1|CDM_TECHNICAL|INCLUDE||D
./Tier 1 - Core industry sources (FINOS, ISDA, ICMA, ISLA)/1. CDM Documentation/2. Technical Documentation/finos-cdm/rosetta-source/src/main/resources/functions/business-event/index-transition/index-transition-vanilla-swap-func.md|MD|1|CDM_TECHNICAL|INCLUDE||D
./Tier 1 - Core industry sources (FINOS, ISDA, ICMA, ISLA)/1. CDM Documentation/2. Technical Documentation/finos-cdm/rosetta-source/src/main/resources/functions/business-event/compression/compression-func.md|MD|1|CDM_TECHNICAL|INCLUDE||D
./Tier 1 - Core industry sources (FINOS, ISDA, ICMA, ISLA)/1. CDM Documentation/2. Technical Documentation/finos-cdm/rosetta-source/src/main/resources/functions/business-event/contract-formation/contract-formation-ir-swap-with-legal-agreement-func.md|MD|1|CDM_TECHNICAL|INCLUDE||D
./Tier 1 - Core industry sources (FINOS, ISDA, ICMA, ISLA)/1. CDM Documentation/2. Technical Documentation/finos-cdm/rosetta-source/src/main/resources/functions/business-event/contract-formation/contract-formation-ois-swap-func.md|MD|1|CDM_TECHNICAL|INCLUDE||D
./Tier 1 - Core industry sources (FINOS, ISDA, ICMA, ISLA)/1. CDM Documentation/2. Technical Documentation/finos-cdm/rosetta-source/src/main/resources/functions/business-event/contract-formation/contract-formation-fra-func.md|MD|1|CDM_TECHNICAL|INCLUDE||D
./Tier 1 - Core industry sources (FINOS, ISDA, ICMA, ISLA)/1. CDM Documentation/2. Technical Documentation/finos-cdm/rosetta-source/src/main/resources/functions/business-event/contract-formation/contract-formation-basis-swap-func.md|MD|1|CDM_TECHNICAL|INCLUDE||D
./Tier 1 - Core industry sources (FINOS, ISDA, ICMA, ISLA)/1. CDM Documentation/2. Technical Documentation/finos-cdm/rosetta-source/src/main/resources/functions/business-event/contract-formation/contract-formation-fx-forward-func.md|MD|1|CDM_TECHNICAL|INCLUDE||D
./Tier 1 - Core industry sources (FINOS, ISDA, ICMA, ISLA)/1. CDM Documentation/2. Technical Documentation/finos-cdm/rosetta-source/src/main/resources/functions/business-event/contract-formation/contract-formation-credit-default-swap-func.md|MD|1|CDM_TECHNICAL|INCLUDE||D
./Tier 1 - Core industry sources (FINOS, ISDA, ICMA, ISLA)/1. CDM Documentation/2. Technical Documentation/finos-cdm/rosetta-source/src/main/resources/functions/business-event/contract-formation/contract-formation-swaption-func.md|MD|1|CDM_TECHNICAL|INCLUDE||D
./Tier 1 - Core industry sources (FINOS, ISDA, ICMA, ISLA)/1. CDM Documentation/2. Technical Documentation/finos-cdm/rosetta-source/src/main/resources/functions/business-event/contract-formation/contract-formation-ir-swap-func.md|MD|1|CDM_TECHNICAL|INCLUDE||D
./Tier 1 - Core industry sources (FINOS, ISDA, ICMA, ISLA)/1. CDM Documentation/2. Technical Documentation/finos-cdm/rosetta-source/src/main/resources/functions/business-event/credit-event/credit-event-obs-func.md|MD|1|CDM_TECHNICAL|INCLUDE||D
./Tier 1 - Core industry sources (FINOS, ISDA, ICMA, ISLA)/1. CDM Documentation/2. Technical Documentation/finos-cdm/rosetta-source/src/main/resources/functions/business-event/credit-event/credit-event-func.md|MD|1|CDM_TECHNICAL|INCLUDE||D
./Tier 1 - Core industry sources (FINOS, ISDA, ICMA, ISLA)/1. CDM Documentation/2. Technical Documentation/finos-cdm/rosetta-source/src/main/resources/functions/repo-and-bond/repo-substitution.md|MD|1|CDM_TECHNICAL|INCLUDE||D
./Tier 1 - Core industry sources (FINOS, ISDA, ICMA, ISLA)/1. CDM Documentation/2. Technical Documentation/finos-cdm/rosetta-source/src/main/resources/functions/repo-and-bond/roll.md|MD|1|CDM_TECHNICAL|INCLUDE||D
./Tier 1 - Core industry sources (FINOS, ISDA, ICMA, ISLA)/1. CDM Documentation/2. Technical Documentation/finos-cdm/rosetta-source/src/main/resources/functions/repo-and-bond/repo-adjustment.md|MD|1|CDM_TECHNICAL|INCLUDE||D
./Tier 1 - Core industry sources (FINOS, ISDA, ICMA, ISLA)/1. CDM Documentation/2. Technical Documentation/finos-cdm/rosetta-source/src/main/resources/functions/repo-and-bond/pair-off.md|MD|1|CDM_TECHNICAL|INCLUDE||D
./Tier 1 - Core industry sources (FINOS, ISDA, ICMA, ISLA)/1. CDM Documentation/2. Technical Documentation/finos-cdm/rosetta-source/src/main/resources/functions/repo-and-bond/repo-execution-func.md|MD|1|CDM_TECHNICAL|INCLUDE||D
./Tier 1 - Core industry sources (FINOS, ISDA, ICMA, ISLA)/1. CDM Documentation/2. Technical Documentation/finos-cdm/rosetta-source/src/main/resources/functions/repo-and-bond/on-demand-rate-change.md|MD|1|CDM_TECHNICAL|INCLUDE||D
./Tier 1 - Core industry sources (FINOS, ISDA, ICMA, ISLA)/1. CDM Documentation/2. Technical Documentation/finos-cdm/rosetta-source/src/main/resources/functions/repo-and-bond/shaping.md|MD|1|CDM_TECHNICAL|INCLUDE||D
./Tier 1 - Core industry sources (FINOS, ISDA, ICMA, ISLA)/1. CDM Documentation/2. Technical Documentation/finos-cdm/rosetta-source/src/main/resources/functions/repo-and-bond/bond-execution-func.md|MD|1|CDM_TECHNICAL|INCLUDE||D
./Tier 1 - Core industry sources (FINOS, ISDA, ICMA, ISLA)/1. CDM Documentation/2. Technical Documentation/finos-cdm/rosetta-source/src/main/resources/functions/repo-and-bond/clearing-via-open-offer.md|MD|1|CDM_TECHNICAL|INCLUDE||D
./Tier 1 - Core industry sources (FINOS, ISDA, ICMA, ISLA)/1. CDM Documentation/2. Technical Documentation/finos-cdm/rosetta-source/src/main/resources/functions/repo-and-bond/partial-delivery.md|MD|1|CDM_TECHNICAL|INCLUDE||D
./Tier 1 - Core industry sources (FINOS, ISDA, ICMA, ISLA)/1. CDM Documentation/2. Technical Documentation/finos-cdm/rosetta-source/src/main/resources/functions/repo-and-bond/cancellation.md|MD|1|CDM_TECHNICAL|INCLUDE||D
./Tier 1 - Core industry sources (FINOS, ISDA, ICMA, ISLA)/1. CDM Documentation/2. Technical Documentation/finos-cdm/rosetta-source/src/main/resources/functions/repo-and-bond/repo-reprice.md|MD|1|CDM_TECHNICAL|INCLUDE||D
./Tier 1 - Core industry sources (FINOS, ISDA, ICMA, ISLA)/1. CDM Documentation/2. Technical Documentation/finos-cdm/rosetta-source/src/main/resources/functions/repo-and-bond/on-demand-interest-payment.md|MD|1|CDM_TECHNICAL|INCLUDE||D
./Tier 1 - Core industry sources (FINOS, ISDA, ICMA, ISLA)/1. CDM Documentation/2. Technical Documentation/finos-cdm/rosetta-source/src/main/resources/functions/repo-and-bond/clearing-via-novation.md|MD|1|CDM_TECHNICAL|INCLUDE||D
./Tier 1 - Core industry sources (FINOS, ISDA, ICMA, ISLA)/1. CDM Documentation/2. Technical Documentation/finos-cdm/rosetta-source/src/main/resources/functions/workflow-step/correction/correction-func.md|MD|1|CDM_TECHNICAL|INCLUDE||D
./Tier 1 - Core industry sources (FINOS, ISDA, ICMA, ISLA)/1. CDM Documentation/2. Technical Documentation/finos-cdm/rosetta-source/src/main/resources/functions/workflow-step/cancellation/cancellation-func.md|MD|1|CDM_TECHNICAL|INCLUDE||D
./Tier 1 - Core industry sources (FINOS, ISDA, ICMA, ISLA)/1. CDM Documentation/2. Technical Documentation/finos-cdm/rosetta-source/src/main/resources/documents/license-terms.md|MD|1|CDM_TECHNICAL|LICENSE_FILE|0|0|0|0|0|0|0|0|0|0|0|EXCLUDED
./Tier 1 - Core industry sources (FINOS, ISDA, ICMA, ISLA)/1. CDM Documentation/2. Technical Documentation/finos-cdm/rosetta-source/src/main/resources/documents/license-terms-3.md|MD|1|CDM_TECHNICAL|LICENSE_FILE|0|0|0|0|0|0|0|0|0|0|0|EXCLUDED
./Tier 1 - Core industry sources (FINOS, ISDA, ICMA, ISLA)/1. CDM Documentation/2. Technical Documentation/finos-cdm/rosetta-source/src/main/resources/documents/license-terms-4-dev.md|MD|1|CDM_TECHNICAL|LICENSE_FILE|0|0|0|0|0|0|0|0|0|0|0|EXCLUDED
./Tier 1 - Core industry sources (FINOS, ISDA, ICMA, ISLA)/1. CDM Documentation/2. Technical Documentation/finos-cdm/CDM-VERSION-HISTORY.md|MD|1|CDM_TECHNICAL|INCLUDE||D
./Tier 1 - Core industry sources (FINOS, ISDA, ICMA, ISLA)/1. CDM Documentation/2. Technical Documentation/finos-cdm/CONTRIBUTING.md|MD|1|CDM_TECHNICAL|INCLUDE||D
./Tier 1 - Core industry sources (FINOS, ISDA, ICMA, ISLA)/1. CDM Documentation/2. Technical Documentation/finos-cdm/SCOPE.md|MD|1|CDM_TECHNICAL|INCLUDE||D
./Tier 1 - Core industry sources (FINOS, ISDA, ICMA, ISLA)/1. CDM Documentation/2. Technical Documentation/finos-cdm/docs/change-control-guidelines.md|MD|1|CDM_TECHNICAL|INCLUDE||D
./Tier 1 - Core industry sources (FINOS, ISDA, ICMA, ISLA)/1. CDM Documentation/2. Technical Documentation/finos-cdm/docs/links-template.md|MD|1|CDM_TECHNICAL|INCLUDE||D
./Tier 1 - Core industry sources (FINOS, ISDA, ICMA, ISLA)/1. CDM Documentation/2. Technical Documentation/finos-cdm/docs/maintenance-and-release.md|MD|1|CDM_TECHNICAL|INCLUDE||D
./Tier 1 - Core industry sources (FINOS, ISDA, ICMA, ISLA)/1. CDM Documentation/2. Technical Documentation/finos-cdm/docs/process-model.md|MD|1|CDM_TECHNICAL|INCLUDE||D
./Tier 1 - Core industry sources (FINOS, ISDA, ICMA, ISLA)/1. CDM Documentation/2. Technical Documentation/finos-cdm/docs/documentation-style-guide.md|MD|1|CDM_TECHNICAL|INCLUDE||D
./Tier 1 - Core industry sources (FINOS, ISDA, ICMA, ISLA)/1. CDM Documentation/2. Technical Documentation/finos-cdm/docs/development-approach.md|MD|1|CDM_TECHNICAL|INCLUDE||D
./Tier 1 - Core industry sources (FINOS, ISDA, ICMA, ISLA)/1. CDM Documentation/2. Technical Documentation/finos-cdm/docs/common-domain-model.md|MD|1|CDM_TECHNICAL|INCLUDE||D
./Tier 1 - Core industry sources (FINOS, ISDA, ICMA, ISLA)/1. CDM Documentation/2. Technical Documentation/finos-cdm/docs/major-release-scheduling-guidelines.md|MD|1|CDM_TECHNICAL|INCLUDE||D
./Tier 1 - Core industry sources (FINOS, ISDA, ICMA, ISLA)/1. CDM Documentation/2. Technical Documentation/finos-cdm/docs/cdm-materials.md|MD|1|CDM_TECHNICAL|INCLUDE||D
./Tier 1 - Core industry sources (FINOS, ISDA, ICMA, ISLA)/1. CDM Documentation/2. Technical Documentation/finos-cdm/docs/editing.md|MD|1|CDM_TECHNICAL|INCLUDE||D
./Tier 1 - Core industry sources (FINOS, ISDA, ICMA, ISLA)/1. CDM Documentation/2. Technical Documentation/finos-cdm/docs/get-involved.md|MD|1|CDM_TECHNICAL|INCLUDE||D
./Tier 1 - Core industry sources (FINOS, ISDA, ICMA, ISLA)/1. CDM Documentation/2. Technical Documentation/finos-cdm/docs/versioning.md|MD|1|CDM_TECHNICAL|INCLUDE||D
./Tier 1 - Core industry sources (FINOS, ISDA, ICMA, ISLA)/1. CDM Documentation/2. Technical Documentation/finos-cdm/docs/repurchase-agreement-representation.md|MD|1|CDM_TECHNICAL|INCLUDE||D
./Tier 1 - Core industry sources (FINOS, ISDA, ICMA, ISLA)/1. CDM Documentation/2. Technical Documentation/finos-cdm/docs/download.md|MD|1|CDM_TECHNICAL|INCLUDE||D
./Tier 1 - Core industry sources (FINOS, ISDA, ICMA, ISLA)/1. CDM Documentation/2. Technical Documentation/finos-cdm/docs/event-model.md|MD|1|CDM_TECHNICAL|INCLUDE||D
./Tier 1 - Core industry sources (FINOS, ISDA, ICMA, ISLA)/1. CDM Documentation/2. Technical Documentation/finos-cdm/docs/cdm-java-distribution.md|MD|1|CDM_TECHNICAL|INCLUDE||D
./Tier 1 - Core industry sources (FINOS, ISDA, ICMA, ISLA)/1. CDM Documentation/2. Technical Documentation/finos-cdm/docs/CDM-Collateral-WG.md|MD|1|CDM_TECHNICAL|INCLUDE||D
./Tier 1 - Core industry sources (FINOS, ISDA, ICMA, ISLA)/1. CDM Documentation/2. Technical Documentation/finos-cdm/docs/namespace.md|MD|1|CDM_TECHNICAL|INCLUDE||D
./Tier 1 - Core industry sources (FINOS, ISDA, ICMA, ISLA)/1. CDM Documentation/2. Technical Documentation/finos-cdm/docs/CDM-Physical-Risk-WG.md|MD|1|CDM_TECHNICAL|INCLUDE||D
./Tier 1 - Core industry sources (FINOS, ISDA, ICMA, ISLA)/1. CDM Documentation/2. Technical Documentation/finos-cdm/docs/working-groups.md|MD|1|CDM_TECHNICAL|INCLUDE||D
./Tier 1 - Core industry sources (FINOS, ISDA, ICMA, ISLA)/1. CDM Documentation/2. Technical Documentation/finos-cdm/docs/reference-data-model.md|MD|1|CDM_TECHNICAL|INCLUDE||D
./Tier 1 - Core industry sources (FINOS, ISDA, ICMA, ISLA)/1. CDM Documentation/2. Technical Documentation/finos-cdm/docs/dev-guidelines.md|MD|1|CDM_TECHNICAL|INCLUDE||D
./Tier 1 - Core industry sources (FINOS, ISDA, ICMA, ISLA)/1. CDM Documentation/2. Technical Documentation/finos-cdm/docs/CDM-Derivatives-WG.md|MD|1|CDM_TECHNICAL|INCLUDE||D
./Tier 1 - Core industry sources (FINOS, ISDA, ICMA, ISLA)/1. CDM Documentation/2. Technical Documentation/finos-cdm/docs/design-principles.md|MD|1|CDM_TECHNICAL|INCLUDE||D
./Tier 1 - Core industry sources (FINOS, ISDA, ICMA, ISLA)/1. CDM Documentation/2. Technical Documentation/finos-cdm/docs/training.md|MD|1|CDM_TECHNICAL|INCLUDE||D
./Tier 1 - Core industry sources (FINOS, ISDA, ICMA, ISLA)/1. CDM Documentation/2. Technical Documentation/finos-cdm/docs/CDM-Tokenized-Assets-WG.md|MD|1|CDM_TECHNICAL|INCLUDE||D
./Tier 1 - Core industry sources (FINOS, ISDA, ICMA, ISLA)/1. CDM Documentation/2. Technical Documentation/finos-cdm/docs/eligible-collateral-representation.md|MD|1|CDM_TECHNICAL|INCLUDE||D
./Tier 1 - Core industry sources (FINOS, ISDA, ICMA, ISLA)/1. CDM Documentation/2. Technical Documentation/finos-cdm/docs/CDM-Steering-WG.md|MD|1|CDM_TECHNICAL|INCLUDE||D
./Tier 1 - Core industry sources (FINOS, ISDA, ICMA, ISLA)/1. CDM Documentation/2. Technical Documentation/finos-cdm/docs/product-model.md|MD|1|CDM_TECHNICAL|INCLUDE||D
./Tier 1 - Core industry sources (FINOS, ISDA, ICMA, ISLA)/1. CDM Documentation/2. Technical Documentation/finos-cdm/docs/standardized-functions.md|MD|1|CDM_TECHNICAL|INCLUDE||D
./Tier 1 - Core industry sources (FINOS, ISDA, ICMA, ISLA)/1. CDM Documentation/2. Technical Documentation/finos-cdm/docs/governance.md|MD|1|CDM_TECHNICAL|INCLUDE||D
./Tier 1 - Core industry sources (FINOS, ISDA, ICMA, ISLA)/1. CDM Documentation/2. Technical Documentation/finos-cdm/docs/use-cases.md|MD|1|CDM_TECHNICAL|INCLUDE||D
./Tier 1 - Core industry sources (FINOS, ISDA, ICMA, ISLA)/1. CDM Documentation/2. Technical Documentation/finos-cdm/docs/maintainers.md|MD|1|CDM_TECHNICAL|INCLUDE||D
./Tier 1 - Core industry sources (FINOS, ISDA, ICMA, ISLA)/1. CDM Documentation/2. Technical Documentation/finos-cdm/docs/cdm-org-structure.md|MD|1|CDM_TECHNICAL|INCLUDE||D
./Tier 1 - Core industry sources (FINOS, ISDA, ICMA, ISLA)/1. CDM Documentation/2. Technical Documentation/finos-cdm/docs/pre-trade-processing.md|MD|1|CDM_TECHNICAL|INCLUDE||D
./Tier 1 - Core industry sources (FINOS, ISDA, ICMA, ISLA)/1. CDM Documentation/2. Technical Documentation/finos-cdm/docs/mapping.md|MD|1|CDM_TECHNICAL|INCLUDE||D
./Tier 1 - Core industry sources (FINOS, ISDA, ICMA, ISLA)/1. CDM Documentation/2. Technical Documentation/finos-cdm/docs/CDM-Technology-Architecture-WG.md|MD|1|CDM_TECHNICAL|INCLUDE||D
./Tier 1 - Core industry sources (FINOS, ISDA, ICMA, ISLA)/1. CDM Documentation/2. Technical Documentation/finos-cdm/docs/cdm-demos.md|MD|1|CDM_TECHNICAL|INCLUDE||D
./Tier 1 - Core industry sources (FINOS, ISDA, ICMA, ISLA)/1. CDM Documentation/2. Technical Documentation/finos-cdm/docs/CDM-Contribution-Review-WG.md|MD|1|CDM_TECHNICAL|INCLUDE||D
./Tier 1 - Core industry sources (FINOS, ISDA, ICMA, ISLA)/1. CDM Documentation/2. Technical Documentation/finos-cdm/docs/cdm-overview.md|MD|1|CDM_TECHNICAL|INCLUDE||D
./Tier 1 - Core industry sources (FINOS, ISDA, ICMA, ISLA)/1. CDM Documentation/2. Technical Documentation/finos-cdm/docs/securities-lending.md|MD|1|CDM_TECHNICAL|INCLUDE||D
./Tier 1 - Core industry sources (FINOS, ISDA, ICMA, ISLA)/1. CDM Documentation/2. Technical Documentation/finos-cdm/docs/legal-agreements.md|MD|1|CDM_TECHNICAL|INCLUDE||D
./Tier 1 - Core industry sources (FINOS, ISDA, ICMA, ISLA)/1. CDM Documentation/2. Technical Documentation/finos-cdm/ROADMAP.md|MD|1|CDM_TECHNICAL|INCLUDE||D
./Tier 1 - Core industry sources (FINOS, ISDA, ICMA, ISLA)/2. Broader Industry Context/isda/industry-context/infrastructure-white-paper.pdf|PDF|1|INDUSTRY_CONTEXT|INCLUDE|0|0|0|0|0|0|0|0|0|0|0|MANUAL_REVIEW
./Tier 1 - Core industry sources (FINOS, ISDA, ICMA, ISLA)/2. Broader Industry Context/isda/industry-context/Collateral-and-Liquidity-Efficiency-in-the-Derivatives-Market.pdf|PDF|1|INDUSTRY_CONTEXT|INCLUDE|0|0|0|0|0|0|0|0|0|0|0|MANUAL_REVIEW
./Tier 1 - Core industry sources (FINOS, ISDA, ICMA, ISLA)/2. Broader Industry Context/isda/industry-context/Creating-Value-IQ-June-2025.pdf|PDF|1|INDUSTRY_CONTEXT|INCLUDE|0|0|0|0|0|0|0|0|0|0|0|MANUAL_REVIEW
./Tier 1 - Core industry sources (FINOS, ISDA, ICMA, ISLA)/2. Broader Industry Context/isda/industry-context/ISDA-and-KWM-Publish-Smart-Contracts-Whitepaper-03102018.md|MD|1|INDUSTRY_CONTEXT|INCLUDE||D
./Tier 1 - Core industry sources (FINOS, ISDA, ICMA, ISLA)/2. Broader Industry Context/isda/industry-context/infrastructure-white-paper.md|MD|1|INDUSTRY_CONTEXT|INCLUDE||D
./Tier 1 - Core industry sources (FINOS, ISDA, ICMA, ISLA)/2. Broader Industry Context/isda/industry-context/ISDA-Clause-Library-factsheet-2021.pdf|PDF|1|INDUSTRY_CONTEXT|INCLUDE|0|0|0|0|0|0|0|0|0|0|0|MANUAL_REVIEW
./Tier 1 - Core industry sources (FINOS, ISDA, ICMA, ISLA)/2. Broader Industry Context/isda/industry-context/Demystifying-Collateral-Optimization.md|MD|1|INDUSTRY_CONTEXT|INCLUDE||D
./Tier 1 - Core industry sources (FINOS, ISDA, ICMA, ISLA)/2. Broader Industry Context/isda/industry-context/Smart-Derivatives-Contracts-From-Concept-to-Construction-Oct-2018.pdf|PDF|1|INDUSTRY_CONTEXT|INCLUDE|0|0|0|0|0|0|0|0|0|0|0|MANUAL_REVIEW
./Tier 1 - Core industry sources (FINOS, ISDA, ICMA, ISLA)/2. Broader Industry Context/isda/industry-context/Marking-a-Milestone-IQ-January-2025.md|MD|1|INDUSTRY_CONTEXT|INCLUDE||D
./Tier 1 - Core industry sources (FINOS, ISDA, ICMA, ISLA)/2. Broader Industry Context/isda/industry-context/Collateral-and-Liquidity-Efficiency-in-the-Derivatives-Market.md|MD|1|INDUSTRY_CONTEXT|INCLUDE|20|2|134|29|134|18|38|436|41|4|2148|S
./Tier 1 - Core industry sources (FINOS, ISDA, ICMA, ISLA)/2. Broader Industry Context/isda/industry-context/Guidelines-for-Smart-Contracts-CDS.md|MD|1|INDUSTRY_CONTEXT|INCLUDE||D
./Tier 1 - Core industry sources (FINOS, ISDA, ICMA, ISLA)/2. Broader Industry Context/isda/industry-context/ISDA-and-KWM-Publish-Smart-Contracts-Whitepaper-03102018.pdf|PDF|1|INDUSTRY_CONTEXT|INCLUDE|0|0|0|0|0|0|0|0|0|0|0|MANUAL_REVIEW
./Tier 1 - Core industry sources (FINOS, ISDA, ICMA, ISLA)/2. Broader Industry Context/isda/industry-context/Marking-a-Milestone-IQ-January-2025.pdf|PDF|1|INDUSTRY_CONTEXT|INCLUDE|0|0|0|0|0|0|0|0|0|0|0|MANUAL_REVIEW
./Tier 1 - Core industry sources (FINOS, ISDA, ICMA, ISLA)/2. Broader Industry Context/isda/industry-context/ISDA-Clause-Library-factsheet-2021.md|MD|1|INDUSTRY_CONTEXT|INCLUDE||D
./Tier 1 - Core industry sources (FINOS, ISDA, ICMA, ISLA)/2. Broader Industry Context/isda/industry-context/Smart-Derivatives-Contracts-From-Concept-to-Construction-Oct-2018.md|MD|1|INDUSTRY_CONTEXT|INCLUDE||D
./Tier 1 - Core industry sources (FINOS, ISDA, ICMA, ISLA)/2. Broader Industry Context/isda/industry-context/GenAI-in-the-Derivatives-Market-A-Future-Perspective.pdf|PDF|1|INDUSTRY_CONTEXT|INCLUDE|0|0|0|0|0|0|0|0|0|0|0|MANUAL_REVIEW
./Tier 1 - Core industry sources (FINOS, ISDA, ICMA, ISLA)/2. Broader Industry Context/isda/industry-context/Guidelines-for-Smart-Contracts-CDS.pdf|PDF|1|INDUSTRY_CONTEXT|INCLUDE|0|0|0|0|0|0|0|0|0|0|0|MANUAL_REVIEW
./Tier 1 - Core industry sources (FINOS, ISDA, ICMA, ISLA)/2. Broader Industry Context/isda/industry-context/Demystifying-Collateral-Optimization.pdf|PDF|1|INDUSTRY_CONTEXT|INCLUDE|0|0|0|0|0|0|0|0|0|0|0|MANUAL_REVIEW
./Tier 1 - Core industry sources (FINOS, ISDA, ICMA, ISLA)/2. Broader Industry Context/isda/industry-context/Creating-Value-IQ-June-2025.md|MD|1|INDUSTRY_CONTEXT|INCLUDE||D
./Tier 1 - Core industry sources (FINOS, ISDA, ICMA, ISLA)/2. Broader Industry Context/isda/industry-context/GenAI-in-the-Derivatives-Market-A-Future-Perspective.md|MD|1|INDUSTRY_CONTEXT|INCLUDE|15|8|21|23|124|15|18|60|1|29|847|S
./Tier 6 - Infrastructure Associations (DTCC, etc)/1. CDM Documentation/case-studies/2025-jscc-drr-cdm-implementation.md|MD|6|CDM_NON_TECHNICAL|INCLUDE||D
./Tier 6 - Infrastructure Associations (DTCC, etc)/1. CDM Documentation/case-studies/derivhack-history.md|MD|6|CDM_NON_TECHNICAL|INCLUDE||D
./Tier 6 - Infrastructure Associations (DTCC, etc)/1. CDM Documentation/case-studies/2024-dtcc-regnosys-collaboration.md|MD|6|CDM_NON_TECHNICAL|INCLUDE||D
./Tier 6 - Infrastructure Associations (DTCC, etc)/1. CDM Documentation/case-studies/2024-derivsource-cdm-update.md|MD|6|CDM_NON_TECHNICAL|INCLUDE||D
./Tier 6 - Infrastructure Associations (DTCC, etc)/1. CDM Documentation/CDM-Market-Infrastructure-Implementations.md|MD|6|CDM_NON_TECHNICAL|INCLUDE||D
